userId,movieId,rating
1,86,2.0
1,177,3.0
1,83,1.0
1,856,5.0
1,88,5.0
1,231,2.0
1,403,1.0
1,90,2.0
1,201,2.0
1,665,5.0
1,814,2.0
1,505,2.0
1,602,1.0
1,82,4.0
1,309,5.0
1,722,5.0
1,250,5.0
1,513,1.0
1,801,5.0
1,477,1.0
1,2,2.0
1,724,5.0
1,736,5.0
1,626,5.0
1,811,4.0
1,967,5.0
1,682,4.0
1,162,5.0
1,666,5.0
1,275,2.0
1,10,5.0
1,94,2.0
1,393,1.0
1,563,5.0
1,978,5.0
1,962,1.0
1,298,1.0
1,783,1.0
1,941,3.0
1,254,5.0
1,160,4.0
1,569,5.0
1,658,5.0
1,284,5.0
1,634,5.0
1,292,3.0
1,995,1.0
1,821,4.0
1,843,2.0
1,859,4.0
1,831,5.0
2,178,3.0
2,398,5.0
2,887,3.0
2,447,1.0
2,668,1.0
2,241,2.0
2,768,4.0
2,320,4.0
2,6,3.0
2,623,2.0
2,809,3.0
2,716,5.0
2,435,5.0
2,652,3.0
2,484,4.0
2,36,2.0
2,864,2.0
2,123,5.0
2,829,3.0
2,378,4.0
2,617,5.0
2,123,5.0
2,993,4.0
2,349,5.0
2,32,3.0
2,426,5.0
2,469,1.0
2,755,1.0
2,30,4.0
2,375,3.0
2,137,3.0
2,209,5.0
2,349,3.0
2,421,5.0
2,345,2.0
2,605,3.0
2,365,1.0
2,110,3.0
3,192,4.0
3,492,4.0
3,238,5.0
3,531,1.0
3,373,3.0
3,387,3.0
3,79,5.0
3,20,2.0
3,484,1.0
3,733,4.0
3,818,4.0
3,276,2.0
3,59,2.0
3,569,1.0
3,152,3.0
3,409,5.0
3,285,3.0
3,213,5.0
3,579,4.0
3,854,2.0
3,836,2.0
3,325,5.0
3,624,5.0
3,925,2.0
3,728,1.0
3,333,4.0
3,35,4.0
3,695,2.0
3,622,5.0
3,97,4.0
3,345,3.0
3,961,5.0
3,419,2.0
3,46,3.0
3,737,3.0
3,345,2.0
4,219,4.0
4,636,2.0
4,339,4.0
4,705,3.0
4,3,4.0
4,302,3.0
4,517,5.0
4,838,3.0
4,245,1.0
4,446,1.0
4,124,4.0
4,258,2.0
4,272,5.0
4,981,5.0
4,837,1.0
4,425,3.0
4,801,4.0
4,474,3.0
4,56,5.0
4,815,5.0
4,377,3.0
4,644,1.0
4,587,1.0
4,196,1.0
4,183,2.0
4,977,2.0
4,784,3.0
4,700,5.0
4,387,1.0
4,838,2.0
4,995,2.0
4,799,1.0
4,225,5.0
4,293,1.0
4,907,4.0
4,2,2.0
4,373,5.0
4,179,5.0
4,224,1.0
4,967,4.0
4,432,1.0
5,518,5.0
5,630,3.0
5,53,2.0
5,271,1.0
5,62,1.0
5,882,2.0
5,955,5.0
5,862,2.0
5,533,3.0
5,752,1.0
5,766,2.0
5,682,5.0
5,495,3.0
5,645,1.0
5,951,5.0
5,727,4.0
5,199,2.0
5,313,3.0
5,591,1.0
5,992,3.0
5,120,2.0
5,874,3.0
5,378,2.0
5,896,1.0
5,37,3.0
5,284,5.0
5,637,3.0
5,544,5.0
5,963,1.0
5,920,3.0
5,349,5.0
5,862,2.0
5,21,4.0
5,785,1.0
5,454,3.0
5,915,2.0
5,669,5.0
5,234,1.0
5,510,1.0
5,417,4.0
5,229,3.0
6,466,1.0
6,498,1.0
6,467,3.0
6,669,4.0
6,534,3.0
6,869,5.0
6,742,3.0
6,389,5.0
6,1006,4.0
6,746,3.0
6,409,2.0
6,280,2.0
6,146,5.0
6,552,1.0
6,902,3.0
6,792,5.0
6,667,2.0
6,562,4.0
6,517,1.0
6,477,1.0
6,860,4.0
6,345,4.0
6,145,2.0
6,753,4.0
6,903,1.0
6,98,2.0
6,803,1.0
6,532,5.0
6,267,5.0
6,859,3.0
6,1004,4.0
6,357,4.0
6,122,4.0
6,698,1.0
6,303,3.0
6,799,2.0
6,855,1.0
6,172,3.0
6,369,5.0
7,38,3.0
7,351,4.0
7,80,4.0
7,610,5.0
7,905,5.0
7,588,1.0
7,302,1.0
7,960,2.0
7,347,5.0
7,857,5.0
7,1002,5.0
7,887,1.0
7,98,3.0
7,405,3.0
7,854,1.0
7,302,3.0
7,357,5.0
7,640,2.0
7,13,4.0
7,245,5.0
7,297,2.0
7,133,4.0
7,162,1.0
7,969,3.0
7,265,2.0
7,1004,4.0
7,78,3.0
7,356,2.0
7,146,2.0
7,707,4.0
7,484,3.0
7,381,5.0
7,985,5.0
7,643,1.0
7,43,1.0
7,468,3.0
7,108,3.0
7,129,2.0
8,835,4.0
8,110,5.0
8,332,2.0
8,316,4.0
8,524,1.0
8,546,2.0
8,940,1.0
8,72,4.0
8,139,1.0
8,354,1.0
8,729,2.0
8,607,2.0
8,323,3.0
8,616,5.0
8,555,2.0
8,290,3.0
8,20,1.0
8,62,4.0
8,201,1.0
8,827,4.0
8,16,2.0
8,816,2.0
8,1004,4.0
8,172,5.0
8,573,1.0
8,5,4.0
8,612,4.0
8,281,5.0
8,255,5.0
8,619,3.0
9,139,5.0
9,135,1.0
9,365,1.0
9,106,3.0
9,642,5.0
9,961,2.0
9,484,1.0
9,467,5.0
9,225,3.0
9,757,1.0
9,447,4.0
9,135,2.0
9,329,3.0
9,283,3.0
9,484,5.0
9,85,1.0
9,904,5.0
9,869,5.0
9,560,5.0
9,252,5.0
9,995,4.0
9,48,1.0
9,93,4.0
9,39,4.0
9,387,4.0
9,637,3.0
9,663,5.0
9,838,1.0
9,29,2.0
9,392,1.0
9,777,2.0
9,991,5.0
9,545,3.0
9,658,2.0
9,242,3.0
9,918,5.0
9,485,4.0
9,352,3.0
9,462,2.0
9,113,2.0
9,686,5.0
10,586,2.0
10,742,5.0
10,522,2.0
10,623,3.0
10,792,4.0
10,329,1.0
10,504,2.0
10,66,4.0
10,26,3.0
10,52,5.0
10,678,1.0
10,690,1.0
10,195,4.0
10,461,4.0
10,604,5.0
10,180,1.0
10,365,4.0
10,762,4.0
10,135,3.0
10,331,1.0
10,959,1.0
10,317,3.0
10,19,1.0
10,917,2.0
10,957,1.0
10,160,1.0
10,280,1.0
10,311,3.0
10,290,5.0
10,26,2.0
10,347,1.0
10,767,3.0
10,14,3.0
10,355,4.0
10,552,2.0
10,263,2.0
10,478,5.0
10,385,2.0
10,597,1.0
10,95,4.0
10,525,5.0
10,202,1.0
11,512,5.0
11,60,5.0
11,667,3.0
11,628,2.0
11,229,1.0
11,147,4.0
11,93,3.0
11,712,1.0
11,940,3.0
11,553,2.0
11,898,1.0
11,62,3.0
11,552,3.0
11,737,5.0
11,575,2.0
11,94,1.0
11,413,2.0
11,727,1.0
11,856,4.0
11,714,5.0
11,908,2.0
11,961,1.0
11,281,4.0
11,247,3.0
11,800,2.0
11,934,4.0
11,794,5.0
11,809,3.0
11,144,5.0
11,280,5.0
11,758,5.0
11,623,2.0
11,37,3.0
11,899,2.0
11,611,3.0
11,984,2.0
11,788,5.0
11,787,5.0
11,674,1.0
11,953,4.0
11,184,1.0
11,256,5.0
12,525,4.0
12,45,2.0
12,893,3.0
12,7,4.0
12,595,5.0
12,396,4.0
12,262,3.0
12,682,4.0
12,730,4.0
12,653,3.0
12,184,5.0
12,286,5.0
12,129,4.0
12,601,5.0
12,926,2.0
12,537,1.0
12,74,3.0
12,444,4.0
12,78,3.0
12,380,1.0
12,885,4.0
12,544,3.0
12,651,3.0
12,801,4.0
12,851,2.0
12,49,3.0
12,814,3.0
12,886,4.0
12,539,2.0
12,673,1.0
12,847,2.0
12,578,1.0
12,431,2.0
12,139,2.0
12,82,1.0
12,490,1.0
12,681,3.0
12,563,1.0
12,444,2.0
12,420,1.0
12,903,1.0
13,729,4.0
13,918,5.0
13,735,1.0
13,228,2.0
13,500,1.0
13,465,2.0
13,54,3.0
13,817,3.0
13,646,3.0
13,932,2.0
13,72,4.0
13,647,4.0
13,781,1.0
13,633,4.0
13,246,4.0
13,214,5.0
13,200,1.0
13,238,2.0
13,473,4.0
13,60,5.0
13,148,4.0
13,697,3.0
13,869,5.0
13,170,1.0
13,641,5.0
13,829,3.0
13,581,3.0
13,922,3.0
13,437,3.0
13,416,2.0
13,700,5.0
13,436,1.0
13,113,5.0
13,590,5.0
14,348,4.0
14,734,4.0
14,758,4.0
14,973,1.0
14,349,1.0
14,768,5.0
14,898,5.0
14,725,3.0
14,120,4.0
14,268,3.0
14,252,2.0
14,142,2.0
14,27,4.0
14,487,5.0
14,794,5.0
14,430,2.0
14,640,1.0
14,487,3.0
14,38,4.0
14,903,4.0
14,126,4.0
14,17,1.0
14,126,1.0
14,260,2.0
14,695,3.0
14,981,3.0
14,382,2.0
14,86,5.0
14,716,3.0
14,606,2.0
14,524,4.0
14,454,5.0
14,10,5.0
14,173,3.0
14,677,1.0
14,869,3.0
14,346,2.0
14,671,1.0
14,262,5.0
14,606,4.0
14,890,5.0
14,920,5.0
14,486,4.0
14,45,5.0
15,929,5.0
15,177,2.0
15,905,1.0
15,874,2.0
15,649,2.0
15,586,2.0
15,844,3.0
15,788,1.0
15,124,5.0
15,23,3.0
15,265,5.0
15,456,3.0
15,844,3.0
15,39,5.0
15,433,4.0
15,890,3.0
15,9,3.0
15,218,1.0
15,682,4.0
15,937,5.0
15,565,2.0
15,390,4.0
15,358,5.0
15,466,4.0
15,748,4.0
15,168,1.0
15,809,4.0
15,55,5.0
15,417,5.0
15,287,2.0
15,133,2.0
16,612,2.0
16,923,3.0
16,379,2.0
16,862,1.0
16,859,1.0
16,189,4.0
16,389,1.0
16,945,4.0
16,105,3.0
16,601,5.0
16,403,5.0
16,367,3.0
16,645,1.0
16,445,2.0
16,890,2.0
16,782,3.0
16,740,4.0
16,640,5.0
16,342,5.0
16,887,1.0
16,196,2.0
16,167,5.0
16,839,3.0
16,342,1.0
16,592,5.0
16,554,4.0
16,675,4.0
16,615,1.0
16,859,1.0
16,973,2.0
16,980,2.0
16,929,2.0
16,36,3.0
16,374,3.0
16,479,2.0
16,82,3.0
16,171,5.0
16,751,4.0
17,914,5.0
17,983,1.0
17,560,4.0
17,635,1.0
17,374,3.0
17,851,4.0
17,174,2.0
17,640,1.0
17,516,3.0
17,904,5.0
17,648,3.0
17,135,3.0
17,572,3.0
17,30,4.0
17,597,4.0
17,101,1.0
17,934,2.0
17,328,5.0
17,803,5.0
17,847,2.0
17,54,1.0
17,471,1.0
17,318,5.0
17,205,5.0
17,93,2.0
17,582,1.0
17,856,3.0
17,671,1.0
17,45,3.0
17,177,2.0
17,550,3.0
17,381,3.0
17,89,5.0
17,518,2.0
18,887,5.0
18,47,2.0
18,632,3.0
18,500,5.0
18,47,5.0
18,800,2.0
18,999,3.0
18,472,1.0
18,47,3.0
18,446,3.0
18,99,3.0
18,314,5.0
18,843,3.0
18,927,2.0
18,708,5.0
18,688,3.0
18,924,1.0
18,499,2.0
18,643,4.0
18,641,3.0
18,992,4.0
18,525,3.0
18,843,3.0
18,371,4.0
18,727,5.0
18,94,1.0
18,362,4.0
18,191,4.0
18,252,2.0
18,912,1.0
18,795,3.0
18,337,4.0
18,195,3.0
18,335,4.0
18,712,3.0
18,125,2.0
18,243,3.0
18,798,4.0
18,375,2.0
18,982,1.0
18,85,3.0
18,257,5.0
18,749,5.0
18,152,1.0
18,714,4.0
19,68,5.0
19,658,4.0
19,350,1.0
19,82,4.0
19,222,2.0
19,129,5.0
19,591,3.0
19,727,3.0
19,430,2.0
19,412,5.0
19,595,2.0
19,223,5.0
19,912,4.0
19,183,3.0
19,38,4.0
19,670,5.0
19,970,5.0
19,580,2.0
19,556,2.0
19,862,1.0
19,362,4.0
19,216,3.0
19,15,2.0
19,747,1.0
19,874,1.0
19,85,3.0
19,273,1.0
19,386,4.0
19,872,4.0
19,75,3.0
19,789,3.0
19,1006,5.0
19,650,3.0
19,613,2.0
19,244,2.0
19,638,5.0
19,155,4.0
19,528,1.0
19,892,5.0
19,306,5.0
19,423,2.0
19,427,3.0
20,653,3.0
20,190,5.0
20,557,5.0
20,661,1.0
20,175,4.0
20,201,5.0
20,806,4.0
20,406,3.0
20,601,3.0
20,418,4.0
20,670,4.0
20,104,4.0
20,306,5.0
20,659,4.0
20,61,4.0
20,653,3.0
20,586,4.0
20,735,4.0
20,215,5.0
20,203,5.0
20,160,4.0
20,768,3.0
20,130,4.0
20,462,3.0
20,168,3.0
20,874,1.0
20,499,3.0
20,814,2.0
20,652,3.0
21,720,5.0
21,402,5.0
21,870,2.0
21,229,1.0
21,183,5.0
21,639,1.0
21,908,5.0
21,426,2.0
21,408,3.0
21,601,1.0
21,37,2.0
21,417,4.0
21,285,1.0
21,128,2.0
21,858,1.0
21,250,4.0
21,4,4.0
21,902,2.0
21,508,4.0
21,612,5.0
21,726,1.0
21,642,5.0
21,34,5.0
21,300,3.0
21,349,4.0
21,546,2.0
21,940,5.0
21,583,2.0
21,74,1.0
21,25,1.0
21,581,5.0
21,884,3.0
21,51,2.0
21,310,5.0
21,296,5.0
21,83,2.0
21,730,1.0
21,183,4.0
21,986,1.0
21,7,1.0
21,513,1.0
21,723,2.0
22,438,2.0
22,395,4.0
22,629,1.0
22,358,1.0
22,970,2.0
22,751,1.0
22,743,1.0
22,111,5.0
22,387,3.0
22,145,3.0
22,405,3.0
22,343,1.0
22,381,3.0
22,413,4.0
22,651,4.0
22,259,5.0
22,532,1.0
22,977,2.0
22,545,5.0
22,874,4.0
22,561,3.0
22,999,5.0
22,738,2.0
22,837,4.0
22,350,2.0
22,109,3.0
22,881,5.0
22,283,4.0
22,812,1.0
22,600,2.0
22,516,3.0
22,184,4.0
22,780,3.0
22,198,4.0
22,710,3.0
22,924,1.0
22,442,5.0
22,793,4.0
22,652,2.0
22,487,1.0
22,84,3.0
22,5,5.0
22,147,4.0
23,170,1.0
23,271,5.0
23,332,1.0
23,14,5.0
23,321,1.0
23,571,1.0
23,100,3.0
23,81,5.0
23,425,3.0
23,765,4.0
23,308,2.0
23,455,3.0
23,660,1.0
23,504,1.0
23,313,3.0
23,62,3.0
23,171,5.0
23,728,5.0
23,895,5.0
23,598,2.0
23,99,3.0
23,804,4.0
23,215,4.0
23,27,3.0
23,803,4.0
23,121,5.0
23,657,3.0
23,845,1.0
23,578,4.0
23,307,4.0
23,899,2.0
23,904,4.0
23,827,3.0
23,673,2.0
23,851,5.0
23,451,1.0
23,193,4.0
23,829,1.0
24,580,4.0
24,683,2.0
24,346,1.0
24,84,2.0
24,948,1.0
24,548,2.0
24,106,5.0
24,695,1.0
24,478,2.0
24,357,1.0
24,882,4.0
24,420,5.0
24,235,1.0
24,714,1.0
24,743,2.0
24,72,5.0
24,792,3.0
24,174,1.0
24,960,5.0
24,636,3.0
24,849,5.0
24,395,1.0
24,682,1.0
24,1006,3.0
24,109,3.0
24,515,2.0
24,783,1.0
24,199,3.0
24,731,5.0
24,699,3.0
24,596,4.0
24,327,4.0
24,608,4.0
24,115,3.0
24,395,5.0
24,204,2.0
24,194,4.0
24,559,1.0
24,263,5.0
24,432,2.0
24,235,1.0
24,234,4.0
24,479,1.0
24,920,3.0
24,19,2.0
24,806,2.0
25,473,2.0
25,340,3.0
25,927,4.0
25,724,3.0
25,644,2.0
25,1006,2.0
25,914,5.0
25,400,5.0
25,592,1.0
25,846,3.0
25,53,5.0
25,329,2.0
25,896,2.0
25,951,3.0
25,59,3.0
25,913,4.0
25,722,1.0
25,162,1.0
25,993,2.0
25,424,2.0
25,702,3.0
25,29,3.0
25,851,2.0
25,944,2.0
25,963,1.0
25,675,3.0
25,148,5.0
25,541,2.0
25,108,4.0
25,424,5.0
25,538,5.0
25,915,4.0
25,113,2.0
25,213,3.0
25,495,3.0
25,794,4.0
25,591,5.0
26,72,1.0
26,56,1.0
26,290,2.0
26,106,1.0
26,257,4.0
26,554,1.0
26,365,2.0
26,992,3.0
26,592,2.0
26,514,4.0
26,55,3.0
26,584,2.0
26,27,4.0
26,204,5.0
26,728,4.0
26,212,2.0
26,329,5.0
26,789,1.0
26,314,3.0
26,941,4.0
26,16,2.0
26,107,3.0
26,453,4.0
26,544,1.0
26,841,3.0
26,301,3.0
26,205,4.0
26,624,3.0
26,677,5.0
26,121,4.0
26,474,4.0
26,808,5.0
26,841,4.0
26,901,1.0
26,182,1.0
26,875,2.0
26,163,2.0
27,685,2.0
27,254,4.0
27,756,3.0
27,389,3.0
27,252,5.0
27,228,5.0
27,161,3.0
27,563,2.0
27,152,1.0
27,980,4.0
27,510,1.0
27,919,3.0
27,49,1.0
27,383,1.0
27,246,4.0
27,759,2.0
27,883,1.0
27,446,5.0
27,641,1.0
27,467,5.0
27,368,1.0
27,324,2.0
27,982,3.0
27,351,5.0
27,736,2.0
27,245,3.0
27,485,4.0
27,840,4.0
27,288,1.0
27,119,2.0
27,875,1.0
27,42,1.0
27,811,5.0
27,142,4.0
27,422,3.0
27,390,4.0
27,946,2.0
28,76,5.0
28,395,1.0
28,42,4.0
28,533,5.0
28,18,3.0
28,935,5.0
28,332,4.0
28,572,4.0
28,959,3.0
28,526,3.0
28,357,1.0
28,751,5.0
28,441,1.0
28,159,4.0
28,147,2.0
28,934,4.0
28,761,4.0
28,393,3.0
28,55,1.0
28,903,3.0
28,339,4.0
28,744,4.0
28,543,3.0
28,455,1.0
28,66,2.0
28,316,3.0
28,211,1.0
28,356,2.0
28,829,4.0
28,878,2.0
28,736,2.0
28,681,3.0
28,829,4.0
28,797,5.0
28,476,5.0
28,462,1.0
28,939,2.0
28,774,2.0
28,253,2.0
28,729,4.0
29,771,4.0
29,364,5.0
29,360,1.0
29,388,2.0
29,631,1.0
29,785,4.0
29,372,1.0
29,870,3.0
29,75,1.0
29,421,3.0
29,100,5.0
29,238,3.0
29,838,4.0
29,939,5.0
29,937,3.0
29,8,4.0
29,853,4.0
29,723,2.0
29,216,1.0
29,132,2.0
29,743,3.0
29,193,2.0
29,549,2.0
29,486,4.0
29,320,2.0
29,647,1.0
29,789,1.0
29,973,1.0
29,674,4.0
29,117,2.0
29,239,4.0
29,163,2.0
29,243,1.0
29,108,2.0
30,663,1.0
30,342,4.0
30,733,1.0
30,506,2.0
30,91,5.0
30,262,5.0
30,846,4.0
30,369,5.0
30,769,4.0
30,780,5.0
30,849,5.0
30,733,1.0
30,306,1.0
30,48,1.0
30,736,4.0
30,540,3.0
30,797,4.0
30,725,2.0
30,670,4.0
30,970,1.0
30,470,4.0
30,720,4.0
30,105,1.0
30,770,3.0
30,315,4.0
30,572,1.0
30,650,3.0
30,353,1.0
30,356,3.0
30,607,4.0
30,264,3.0
30,314,3.0
30,665,4.0
30,855,4.0
30,358,5.0
30,661,3.0
30,185,3.0
30,1003,5.0
30,254,3.0
30,662,1.0
30,457,3.0
30,479,2.0
30,249,5.0
30,761,2.0
30,378,3.0
31,226,2.0
31,657,4.0
31,530,1.0
31,57,2.0
31,594,2.0
31,909,1.0
31,337,2.0
31,596,5.0
31,154,5.0
31,449,3.0
31,476,5.0
31,195,5.0
31,323,2.0
31,978,1.0
31,325,4.0
31,926,1.0
31,480,4.0
31,670,4.0
31,1004,3.0
31,710,1.0
31,482,2.0
31,167,2.0
31,172,3.0
31,334,2.0
31,860,4.0
31,91,1.0
31,101,3.0
31,129,1.0
31,487,2.0
31,524,2.0
32,61,4.0
32,266,4.0
32,236,5.0
32,378,5.0
32,695,5.0
32,758,4.0
32,425,1.0
32,685,5.0
32,73,4.0
32,580,4.0
32,295,3.0
32,401,5.0
32,130,3.0
32,960,3.0
32,367,1.0
32,204,2.0
32,580,1.0
32,337,1.0
32,392,1.0
32,20,2.0
32,734,3.0
32,889,3.0
32,707,4.0
32,175,1.0
32,722,1.0
32,462,5.0
32,540,5.0
32,256,3.0
32,337,5.0
32,986,5.0
32,548,4.0
32,412,2.0
32,417,2.0
32,122,4.0
32,753,3.0
32,960,2.0
32,484,2.0
32,689,3.0
33,945,4.0
33,155,4.0
33,593,3.0
33,720,2.0
33,665,5.0
33,67,5.0
33,145,5.0
33,560,4.0
33,857,3.0
33,910,3.0
33,90,4.0
33,15,2.0
33,151,5.0
33,738,4.0
33,314,4.0
33,657,1.0
33,69,5.0
33,772,4.0
33,340,1.0
33,994,2.0
33,108,1.0
33,574,5.0
33,375,1.0
33,432,3.0
33,310,4.0
33,696,5.0
33,756,4.0
33,765,5.0
33,60,2.0
33,323,2.0
33,552,1.0
33,898,4.0
33,495,5.0
33,754,5.0
33,521,3.0
33,504,2.0
33,354,1.0
33,776,4.0
33,204,5.0
33,832,3.0
33,744,2.0
33,728,4.0
33,648,3.0
33,446,3.0
33,858,3.0
33,647,1.0
33,206,1.0
34,88,2.0
34,825,4.0
34,348,1.0
34,668,1.0
34,69,4.0
34,583,4.0
34,86,3.0
34,263,5.0
34,207,1.0
34,694,1.0
34,766,4.0
34,943,1.0
34,119,1.0
34,946,3.0
34,198,4.0
34,512,4.0
34,60,2.0
34,611,3.0
34,34,5.0
34,878,3.0
34,604,3.0
34,361,2.0
34,972,5.0
34,437,3.0
34,810,1.0
34,531,1.0
34,832,4.0
34,557,5.0
34,814,4.0
34,892,5.0
34,685,5.0
34,409,4.0
34,624,3.0
34,52,4.0
34,347,4.0
34,232,4.0
34,631,5.0
34,665,1.0
34,821,1.0
35,791,2.0
35,842,3.0
35,261,2.0
35,205,1.0
35,293,5.0
35,390,1.0
35,193,3.0
35,531,3.0
35,670,1.0
35,1002,2.0
35,93,2.0
35,437,1.0
35,43,1.0
35,810,1.0
35,213,1.0
35,894,1.0
35,809,5.0
35,918,3.0
35,651,5.0
35,793,1.0
35,202,2.0
35,276,5.0
35,47,1.0
35,25,2.0
35,532,3.0
35,602,2.0
35,405,5.0
35,676,3.0
35,996,2.0
35,419,5.0
35,403,3.0
35,113,5.0
35,651,1.0
35,113,1.0
35,421,2.0
36,576,4.0
36,404,5.0
36,441,4.0
36,206,1.0
36,296,5.0
36,143,3.0
36,503,4.0
36,523,1.0
36,887,2.0
36,315,4.0
36,727,3.0
36,520,5.0
36,346,4.0
36,799,5.0
36,813,4.0
36,50,3.0
36,364,3.0
36,458,3.0
36,845,2.0
36,851,5.0
36,384,4.0
36,546,4.0
36,708,5.0
36,331,2.0
36,723,2.0
36,449,2.0
36,15,3.0
36,657,3.0
36,459,5.0
36,988,5.0
36,170,3.0
36,464,3.0
36,813,2.0
36,682,5.0
36,609,5.0
36,126,2.0
36,69,4.0
36,444,5.0
36,590,5.0
36,642,1.0
36,179,3.0
37,842,1.0
37,291,3.0
37,64,5.0
37,669,5.0
37,565,4.0
37,855,5.0
37,281,1.0
37,649,1.0
37,663,4.0
37,784,1.0
37,298,1.0
37,559,3.0
37,535,5.0
37,337,3.0
37,470,2.0
37,644,5.0
37,927,2.0
37,84,5.0
37,899,5.0
37,501,5.0
37,525,4.0
37,845,5.0
37,404,3.0
37,706,5.0
37,187,3.0
37,551,4.0
37,704,1.0
37,623,1.0
37,945,2.0
37,384,3.0
37,450,4.0
37,77,4.0
37,633,1.0
37,1005,1.0
37,885,2.0
37,883,2.0
37,410,3.0
37,501,5.0
37,660,5.0
38,562,5.0
38,860,1.0
38,442,2.0
38,125,3.0
38,512,5.0
38,155,5.0
38,149,1.0
38,485,4.0
38,525,1.0
38,709,1.0
38,471,3.0
38,430,5.0
38,531,4.0
38,82,1.0
38,32,1.0
38,489,2.0
38,145,4.0
38,334,3.0
38,541,5.0
38,183,3.0
38,603,4.0
38,907,1.0
38,130,4.0
38,954,5.0
38,978,4.0
38,61,1.0
38,449,2.0
38,595,4.0
38,804,5.0
38,377,2.0
38,572,3.0
38,598,4.0
38,259,5.0
38,919,3.0
38,758,5.0
38,450,3.0
38,188,2.0
38,140,5.0
38,79,2.0
38,684,1.0
38,702,3.0
38,93,1.0
39,714,4.0
39,896,2.0
39,220,3.0
39,167,4.0
39,966,5.0
39,53,1.0
39,683,3.0
39,810,1.0
39,72,4.0
39,303,1.0
39,454,2.0
39,756,2.0
39,423,4.0
39,108,4.0
39,774,3.0
39,802,1.0
39,481,1.0
39,303,5.0
39,151,3.0
39,494,2.0
39,298,5.0
39,18,2.0
39,484,1.0
39,763,1.0
39,256,4.0
39,563,3.0
39,245,1.0
39,740,1.0
39,304,5.0
39,201,1.0
39,434,1.0
39,843,3.0
39,351,1.0
39,368,1.0
39,935,2.0
39,491,3.0
39,512,4.0
40,743,2.0
40,18,1.0
40,633,2.0
40,253,2.0
40,199,5.0
40,29,3.0
40,349,3.0
40,827,2.0
40,272,5.0
40,131,3.0
40,523,3.0
40,785,1.0
40,351,1.0
40,420,5.0
40,934,4.0
40,255,2.0
40,36,4.0
40,926,2.0
40,541,5.0
40,549,1.0
40,736,1.0
40,856,1.0
40,467,1.0
40,419,4.0
40,518,4.0
40,623,2.0
40,282,3.0
40,228,3.0
40,859,2.0
40,672,5.0
40,39,4.0
40,984,5.0
40,702,4.0
40,461,2.0
40,902,4.0
40,951,4.0
40,567,4.0
40,197,5.0
40,305,2.0
41,973,1.0
41,686,1.0
41,418,4.0
41,964,4.0
41,762,5.0
41,42,1.0
41,873,5.0
41,222,2.0
41,930,4.0
41,185,3.0
41,35,4.0
41,53,1.0
41,214,4.0
41,379,2.0
41,299,4.0
41,371,5.0
41,586,2.0
41,700,5.0
41,497,5.0
41,328,2.0
41,527,5.0
41,405,2.0
41,170,2.0
41,423,3.0
41,854,3.0
41,823,4.0
41,607,1.0
41,366,4.0
41,681,3.0
41,663,1.0
41,524,4.0
41,934,2.0
41,479,2.0
41,524,5.0
41,587,5.0
41,398,1.0
41,167,3.0
41,155,1.0
42,447,2.0
42,239,3.0
42,454,4.0
42,429,1.0
42,770,2.0
42,633,4.0
42,605,2.0
42,192,1.0
42,494,4.0
42,717,3.0
42,678,4.0
42,833,4.0
42,748,1.0
42,545,4.0
42,390,1.0
42,948,3.0
42,977,2.0
42,801,2.0
42,97,5.0
42,760,2.0
42,926,4.0
42,665,5.0
42,260,4.0
42,579,3.0
42,865,3.0
42,206,1.0
42,851,5.0
42,273,2.0
42,378,3.0
42,652,2.0
42,92,2.0
42,822,3.0
43,780,5.0
43,598,5.0
43,596,2.0
43,668,4.0
43,36,4.0
43,469,3.0
43,265,4.0
43,185,1.0
43,70,2.0
43,293,1.0
43,141,1.0
43,928,3.0
43,140,4.0
43,192,2.0
43,702,2.0
43,907,3.0
43,416,3.0
43,551,3.0
43,238,5.0
43,1006,5.0
43,447,3.0
43,659,3.0
43,991,3.0
43,69,5.0
43,191,2.0
43,644,2.0
43,501,3.0
43,366,5.0
43,457,4.0
43,628,1.0
43,492,3.0
44,93,5.0
44,679,5.0
44,294,4.0
44,790,1.0
44,913,1.0
44,547,1.0
44,314,4.0
44,621,2.0
44,513,4.0
44,179,4.0
44,783,5.0
44,680,3.0
44,758,5.0
44,449,2.0
44,230,5.0
44,841,5.0
44,826,5.0
44,229,2.0
44,799,4.0
44,969,4.0
44,942,1.0
44,962,5.0
44,838,1.0
44,778,1.0
44,552,5.0
44,115,1.0
44,520,3.0
44,346,4.0
44,657,2.0
44,79,2.0
44,640,1.0
44,193,1.0
44,715,3.0
44,276,2.0
44,142,4.0
44,841,1.0
44,503,1.0
44,506,5.0
44,586,4.0
44,317,4.0
44,765,5.0
45,542,1.0
45,798,2.0
45,509,3.0
45,528,1.0
45,416,1.0
45,502,3.0
45,751,1.0
45,674,3.0
45,832,2.0
45,592,3.0
45,402,2.0
45,5,3.0
45,751,5.0
45,243,1.0
45,213,5.0
45,919,5.0
45,499,4.0
45,155,5.0
45,821,3.0
45,748,5.0
45,645,3.0
45,155,4.0
45,62,5.0
45,288,4.0
45,507,5.0
45,700,4.0
45,614,4.0
45,436,3.0
45,328,2.0
45,478,1.0
45,926,5.0
45,729,4.0
45,506,2.0
45,593,1.0
45,713,4.0
45,918,5.0
45,30,5.0
45,384,2.0
45,321,1.0
45,807,5.0
45,799,3.0
46,686,2.0
46,629,4.0
46,376,2.0
46,469,1.0
46,693,2.0
46,402,1.0
46,296,5.0
46,829,2.0
46,653,5.0
46,367,3.0
46,123,5.0
46,191,2.0
46,720,2.0
46,419,3.0
46,812,5.0
46,116,3.0
46,56,2.0
46,577,5.0
46,492,5.0
46,78,4.0
46,1007,2.0
46,301,5.0
46,250,1.0
46,352,1.0
46,745,2.0
46,797,5.0
46,236,1.0
46,505,1.0
46,316,5.0
46,363,1.0
46,602,3.0
46,115,3.0
46,290,3.0
46,581,2.0
46,674,5.0
46,402,4.0
46,962,1.0
46,172,3.0
46,403,5.0
46,95,2.0
46,4,4.0
46,51,2.0
46,652,1.0
46,353,1.0
46,926,3.0
46,590,2.0
46,751,3.0
46,184,2.0
46,56,2.0
46,483,2.0
46,642,5.0
46,268,3.0
46,750,5.0
47,43,4.0
47,69,1.0
47,323,2.0
47,352,1.0
47,366,1.0
47,98,1.0
47,853,5.0
47,270,4.0
47,230,1.0
47,130,1.0
47,90,4.0
47,167,4.0
47,951,1.0
47,379,4.0
47,503,2.0
47,312,4.0
47,446,4.0
47,573,3.0
47,268,5.0
47,771,5.0
47,846,1.0
47,979,5.0
47,908,5.0
47,292,1.0
47,434,5.0
47,175,3.0
47,56,4.0
48,902,1.0
48,502,5.0
48,715,2.0
48,923,3.0
48,415,5.0
48,618,4.0
48,212,2.0
48,809,4.0
48,301,1.0
48,849,2.0
48,171,5.0
48,35,3.0
48,591,5.0
48,507,2.0
48,224,1.0
48,737,2.0
48,867,3.0
48,605,2.0
48,676,1.0
48,552,3.0
48,290,4.0
48,512,1.0
48,175,5.0
48,341,1.0
48,982,3.0
48,282,1.0
48,711,5.0
48,375,1.0
48,300,5.0
48,100,2.0
48,851,3.0
48,305,2.0
48,671,4.0
48,755,3.0
48,509,2.0
48,204,5.0
48,375,2.0
48,58,3.0
48,163,3.0
48,931,2.0
48,699,5.0
48,955,3.0
48,299,2.0
48,820,1.0
48,58,2.0
48,467,1.0
48,3,2.0
48,623,3.0
49,632,5.0
49,736,3.0
49,55,2.0
49,646,2.0
49,534,5.0
49,744,3.0
49,764,1.0
49,50,4.0
49,918,4.0
49,409,3.0
49,306,1.0
49,355,1.0
49,902,4.0
49,995,4.0
49,198,2.0
49,757,4.0
49,693,4.0
49,930,2.0
49,167,2.0
49,891,5.0
49,122,1.0
49,246,3.0
49,819,3.0
49,614,2.0
49,813,4.0
49,932,3.0
49,591,5.0
49,387,2.0
49,982,5.0
49,624,1.0
49,641,1.0
49,447,1.0
49,324,2.0
49,504,3.0
49,33,2.0
49,221,5.0
49,479,3.0
49,397,4.0
49,797,3.0
49,446,1.0
49,596,5.0
49,881,1.0
49,113,3.0
50,935,2.0
50,794,5.0
50,785,1.0
50,337,4.0
50,270,4.0
50,953,3.0
50,628,5.0
50,24,1.0
50,854,2.0
50,978,5.0
50,80,4.0
50,476,5.0
50,342,1.0
50,306,3.0
50,25,2.0
50,407,3.0
50,36,2.0
50,150,4.0
50,147,2.0
50,120,3.0
50,46,1.0
50,615,2.0
50,127,2.0
50,100,4.0
50,615,1.0
50,934,1.0
50,947,3.0
50,922,1.0
50,199,5.0
50,51,4.0
50,470,4.0
50,841,4.0
50,508,2.0
50,227,1.0
50,537,3.0
50,490,1.0
51,54,4.0
51,818,4.0
51,823,1.0
51,696,1.0
51,954,5.0
51,381,4.0
51,141,1.0
51,165,4.0
51,798,1.0
51,6,3.0
51,906,3.0
51,203,4.0
51,416,1.0
51,666,4.0
51,561,2.0
51,534,5.0
51,664,2.0
51,413,2.0
51,1000,4.0
51,631,4.0
51,393,4.0
51,181,4.0
51,436,3.0
51,941,5.0
51,435,2.0
51,984,3.0
51,457,1.0
51,807,2.0
51,556,1.0
51,820,4.0
51,704,5.0
51,944,3.0
51,917,2.0
51,836,1.0
52,990,4.0
52,301,3.0
52,1003,4.0
52,196,1.0
52,631,5.0
52,809,2.0
52,820,5.0
52,469,5.0
52,1002,1.0
52,45,1.0
52,677,3.0
52,855,4.0
52,77,5.0
52,895,1.0
52,176,1.0
52,642,3.0
52,278,5.0
52,45,1.0
52,951,5.0
52,943,2.0
52,808,5.0
52,49,1.0
52,297,3.0
52,837,2.0
52,722,3.0
52,810,5.0
52,576,3.0
52,259,4.0
52,126,4.0
52,184,2.0
52,156,1.0
52,275,5.0
52,298,1.0
52,418,2.0
52,315,2.0
53,771,2.0
53,182,5.0
53,360,3.0
53,387,1.0
53,866,5.0
53,108,3.0
53,943,2.0
53,475,5.0
53,871,2.0
53,699,2.0
53,25,2.0
53,794,5.0
53,355,1.0
53,89,3.0
53,702,4.0
53,844,3.0
53,643,3.0
53,854,3.0
53,153,4.0
53,939,3.0
53,486,2.0
53,730,2.0
53,866,1.0
53,390,4.0
53,980,3.0
53,302,1.0
53,461,2.0
53,588,2.0
53,990,4.0
54,159,4.0
54,842,1.0
54,221,5.0
54,562,4.0
54,405,2.0
54,592,5.0
54,907,2.0
54,371,3.0
54,959,3.0
54,652,3.0
54,108,5.0
54,463,2.0
54,600,2.0
54,35,3.0
54,510,2.0
54,578,2.0
54,834,1.0
54,219,3.0
54,253,5.0
54,318,3.0
54,157,3.0
54,771,3.0
54,522,2.0
54,631,2.0
54,756,2.0
54,401,4.0
54,119,1.0
54,846,1.0
54,565,5.0
54,140,1.0
54,88,4.0
54,573,3.0
55,961,5.0
55,126,2.0
55,137,5.0
55,705,5.0
55,980,5.0
55,544,4.0
55,442,4.0
55,540,1.0
55,638,3.0
55,198,4.0
55,247,3.0
55,325,4.0
55,198,4.0
55,904,3.0
55,652,3.0
55,702,5.0
55,909,4.0
55,724,2.0
55,280,2.0
55,467,1.0
55,670,1.0
55,479,3.0
55,917,2.0
55,668,3.0
55,388,2.0
55,753,2.0
55,604,4.0
55,831,1.0
56,693,2.0
56,224,3.0
56,885,3.0
56,657,5.0
56,202,2.0
56,958,3.0
56,389,3.0
56,41,3.0
56,253,1.0
56,983,3.0
56,551,5.0
56,165,2.0
56,248,5.0
56,296,5.0
56,711,4.0
56,389,3.0
56,831,3.0
56,474,4.0
56,890,5.0
56,417,1.0
56,792,3.0
56,755,5.0
56,241,5.0
56,649,5.0
56,595,3.0
56,444,1.0
56,873,3.0
56,612,3.0
56,499,2.0
56,335,2.0
56,325,1.0
56,707,3.0
56,370,3.0
56,797,5.0
56,594,5.0
56,923,2.0
57,528,5.0
57,752,3.0
57,853,4.0
57,162,3.0
57,924,2.0
57,905,3.0
57,194,1.0
57,948,4.0
57,769,1.0
57,837,3.0
57,114,2.0
57,249,4.0
57,411,5.0
57,503,3.0
57,17,3.0
57,826,5.0
57,444,4.0
57,128,5.0
57,124,2.0
57,759,4.0
57,726,1.0
57,663,5.0
57,729,5.0
57,119,4.0
57,892,2.0
57,792,2.0
57,204,2.0
57,853,5.0
57,838,5.0
58,496,1.0
58,500,3.0
58,592,4.0
58,766,3.0
58,797,4.0
58,908,5.0
58,263,5.0
58,864,1.0
58,337,2.0
58,494,1.0
58,747,1.0
58,455,1.0
58,443,3.0
58,591,3.0
58,365,5.0
58,201,1.0
58,869,2.0
58,744,2.0
58,388,3.0
58,705,3.0
58,370,5.0
58,64,4.0
58,196,4.0
58,727,3.0
58,190,2.0
58,706,3.0
58,670,4.0
58,880,3.0
58,67,5.0
59,198,2.0
59,539,2.0
59,106,1.0
59,691,1.0
59,424,1.0
59,759,1.0
59,148,1.0
59,51,1.0
59,418,3.0
59,494,1.0
59,182,4.0
59,844,2.0
59,427,3.0
59,613,3.0
59,297,3.0
59,407,2.0
59,728,4.0
59,119,2.0
59,284,5.0
59,29,4.0
59,231,5.0
59,648,3.0
59,362,4.0
59,415,2.0
59,241,2.0
59,11,3.0
59,414,5.0
59,619,1.0
59,241,1.0
59,935,2.0
59,738,1.0
60,158,3.0
60,405,1.0
60,359,3.0
60,644,1.0
60,324,5.0
60,161,1.0
60,886,5.0
60,473,2.0
60,812,4.0
60,487,3.0
60,95,5.0
60,994,4.0
60,917,4.0
60,497,1.0
60,211,1.0
60,807,5.0
60,105,2.0
60,498,2.0
60,946,1.0
60,704,1.0
60,304,4.0
60,575,1.0
60,159,1.0
60,486,3.0
60,506,3.0
60,529,2.0
60,133,5.0
60,827,4.0
60,416,3.0
60,308,5.0
60,990,5.0
60,598,3.0
60,475,2.0
61,844,3.0
61,832,5.0
61,949,2.0
61,616,4.0
61,299,5.0
61,798,1.0
61,183,3.0
61,760,3.0
61,7,3.0
61,119,1.0
61,113,4.0
61,894,5.0
61,596,4.0
61,849,5.0
61,495,4.0
61,933,5.0
61,459,5.0
61,181,5.0
61,236,3.0
61,693,4.0
61,799,5.0
61,965,4.0
61,103,4.0
61,305,4.0
61,453,4.0
61,781,5.0
61,540,2.0
61,782,2.0
61,604,5.0
61,57,1.0
61,995,2.0
61,610,1.0
61,357,5.0
61,559,4.0
61,282,2.0
61,300,1.0
61,998,5.0
62,379,1.0
62,730,5.0
62,253,4.0
62,470,2.0
62,858,3.0
62,422,1.0
62,453,4.0
62,906,1.0
62,890,1.0
62,610,3.0
62,633,5.0
62,728,2.0
62,237,4.0
62,213,5.0
62,790,1.0
62,456,3.0
62,828,5.0
62,37,2.0
62,267,4.0
62,941,4.0
62,121,3.0
62,401,2.0
62,888,5.0
62,400,2.0
62,637,5.0
62,508,4.0
62,587,1.0
62,761,4.0
62,281,3.0
62,249,4.0
62,76,5.0
62,229,5.0
62,484,3.0
63,32,3.0
63,337,5.0
63,713,1.0
63,892,3.0
63,892,2.0
63,874,4.0
63,460,1.0
63,81,5.0
63,896,2.0
63,537,4.0
63,228,4.0
63,551,2.0
63,551,2.0
63,684,3.0
63,616,1.0
63,482,1.0
63,120,3.0
63,409,1.0
63,598,2.0
63,816,1.0
63,27,4.0
63,374,5.0
63,479,1.0
63,190,1.0
63,857,1.0
63,147,4.0
63,638,4.0
63,697,1.0
63,179,1.0
63,183,3.0
63,508,2.0
63,341,4.0
63,735,5.0
63,981,1.0
63,306,2.0
63,503,4.0
63,587,3.0
63,452,3.0
63,702,1.0
63,627,2.0
64,43,2.0
64,834,2.0
64,135,5.0
64,183,1.0
64,704,5.0
64,239,3.0
64,825,2.0
64,834,4.0
64,900,4.0
64,61,5.0
64,737,3.0
64,851,2.0
64,306,1.0
64,598,1.0
64,553,5.0
64,253,3.0
64,29,4.0
64,726,1.0
64,623,2.0
64,302,5.0
64,105,4.0
64,430,5.0
64,315,4.0
64,734,2.0
64,674,4.0
64,6,3.0
64,761,4.0
64,74,4.0
64,438,4.0
64,58,5.0
64,219,2.0
64,979,5.0
64,682,1.0
64,952,5.0
64,421,4.0
64,910,4.0
64,309,3.0
64,616,2.0
64,610,2.0
64,40,5.0
65,915,5.0
65,58,5.0
65,941,3.0
65,739,1.0
65,700,5.0
65,404,5.0
65,55,5.0
65,481,2.0
65,249,4.0
65,529,4.0
65,18,1.0
65,329,4.0
65,215,1.0
65,197,4.0
65,987,1.0
65,829,4.0
65,979,1.0
65,681,2.0
65,553,1.0
65,872,1.0
65,523,5.0
65,508,4.0
65,762,3.0
65,757,4.0
65,615,1.0
65,133,3.0
65,243,4.0
65,426,1.0
65,338,4.0
65,956,2.0
65,280,2.0
65,605,1.0
65,793,2.0
65,443,2.0
65,416,2.0
65,537,5.0
65,915,4.0
65,375,1.0
65,733,4.0
65,690,5.0
65,204,4.0
66,958,1.0
66,974,4.0
66,655,2.0
66,58,2.0
66,69,2.0
66,435,3.0
66,302,4.0
66,169,4.0
66,336,3.0
66,954,1.0
66,272,1.0
66,503,1.0
66,870,4.0
66,87,3.0
66,304,5.0
66,174,2.0
66,90,2.0
66,175,3.0
66,605,3.0
66,45,4.0
66,197,2.0
66,352,2.0
66,434,4.0
66,296,1.0
66,483,4.0
66,218,3.0
66,338,5.0
66,814,4.0
66,97,2.0
66,214,5.0
66,391,4.0
66,299,2.0
66,492,1.0
66,230,2.0
66,573,5.0
66,850,2.0
66,901,5.0
66,65,4.0
67,60,5.0
67,747,4.0
67,548,2.0
67,458,3.0
67,150,1.0
67,771,5.0
67,529,5.0
67,114,3.0
67,143,5.0
67,834,5.0
67,475,2.0
67,508,1.0
67,640,1.0
67,87,2.0
67,352,3.0
67,327,5.0
67,828,2.0
67,354,1.0
67,13,1.0
67,181,4.0
67,340,2.0
67,474,5.0
67,703,5.0
67,77,3.0
67,6,5.0
67,814,4.0
67,217,5.0
67,622,4.0
67,124,5.0
68,148,1.0
68,884,4.0
68,206,3.0
68,890,3.0
68,31,2.0
68,124,5.0
68,241,3.0
68,292,2.0
68,314,3.0
68,42,4.0
68,805,2.0
68,608,1.0
68,70,2.0
68,46,2.0
68,116,3.0
68,528,3.0
68,817,3.0
68,358,2.0
68,836,3.0
68,81,4.0
68,922,5.0
68,524,2.0
68,243,3.0
68,22,5.0
68,437,4.0
68,700,4.0
68,726,2.0
68,893,4.0
68,382,3.0
68,776,1.0
68,780,3.0
68,566,4.0
68,501,5.0
68,13,2.0
69,698,1.0
69,611,5.0
69,925,3.0
69,701,2.0
69,736,1.0
69,227,2.0
69,442,5.0
69,960,5.0
69,187,5.0
69,693,2.0
69,260,1.0
69,642,4.0
69,471,2.0
69,15,4.0
69,75,4.0
69,920,5.0
69,70,2.0
69,208,5.0
69,306,5.0
69,355,5.0
69,412,1.0
69,582,2.0
69,619,1.0
69,900,1.0
69,859,2.0
69,231,4.0
69,311,3.0
69,914,5.0
69,650,2.0
69,575,2.0
69,530,5.0
69,963,3.0
69,307,4.0
69,346,5.0
69,569,3.0
70,729,4.0
70,234,2.0
70,901,4.0
70,140,5.0
70,475,5.0
70,619,3.0
70,879,3.0
70,386,1.0
70,80,5.0
70,926,5.0
70,718,3.0
70,10,2.0
70,561,3.0
70,264,1.0
70,351,4.0
70,916,1.0
70,285,4.0
70,363,4.0
70,643,4.0
70,363,4.0
70,168,1.0
70,782,3.0
70,466,4.0
70,39,5.0
70,457,5.0
70,633,5.0
70,400,2.0
70,211,2.0
70,531,5.0
70,23,3.0
70,454,5.0
70,401,2.0
70,360,5.0
70,522,3.0
70,925,5.0
70,968,1.0
70,210,5.0
70,249,1.0
70,939,5.0
70,345,1.0
71,41,4.0
71,615,3.0
71,366,5.0
71,807,2.0
71,438,5.0
71,426,3.0
71,347,4.0
71,1007,4.0
71,469,1.0
71,338,3.0
71,25,1.0
71,1001,3.0
71,992,5.0
71,526,2.0
71,424,1.0
71,789,5.0
71,135,1.0
71,872,1.0
71,706,3.0
71,45,2.0
71,402,1.0
71,306,1.0
71,895,4.0
71,41,4.0
71,95,3.0
72,736,5.0
72,61,1.0
72,859,5.0
72,856,5.0
72,614,4.0
72,858,2.0
72,831,5.0
72,704,3.0
72,25,3.0
72,810,1.0
72,138,3.0
72,845,3.0
72,314,3.0
72,700,4.0
72,358,4.0
72,287,3.0
72,197,4.0
72,897,2.0
72,820,5.0
72,732,2.0
72,790,5.0
72,72,2.0
72,56,5.0
72,371,2.0
72,335,2.0
72,918,1.0
72,807,1.0
72,236,3.0
72,1005,3.0
72,591,3.0
72,468,3.0
72,908,5.0
72,113,3.0
72,745,2.0
72,147,3.0
72,922,5.0
72,443,5.0
73,565,2.0
73,225,4.0
73,880,1.0
73,526,1.0
73,291,1.0
73,384,3.0
73,93,4.0
73,813,5.0
73,490,5.0
73,705,1.0
73,959,4.0
73,77,2.0
73,167,4.0
73,848,5.0
73,639,3.0
73,148,5.0
73,203,5.0
73,380,3.0
73,73,2.0
73,49,3.0
73,163,1.0
73,837,4.0
73,29,1.0
73,862,5.0
73,143,1.0
74,861,5.0
74,718,1.0
74,687,5.0
74,482,1.0
74,652,1.0
74,950,4.0
74,91,4.0
74,13,3.0
74,917,4.0
74,535,3.0
74,678,1.0
74,754,1.0
74,95,3.0
74,25,2.0
74,627,5.0
74,362,5.0
74,705,4.0
74,76,1.0
74,296,5.0
74,54,5.0
74,249,2.0
74,455,2.0
74,677,3.0
74,330,2.0
74,502,4.0
74,270,2.0
74,345,2.0
74,662,1.0
74,603,4.0
74,925,2.0
74,18,3.0
74,750,5.0
74,390,5.0
74,140,3.0
75,286,4.0
75,995,4.0
75,303,1.0
75,267,3.0
75,256,2.0
75,93,2.0
75,217,2.0
75,604,2.0
75,645,4.0
75,774,4.0
75,410,3.0
75,119,4.0
75,278,3.0
75,217,1.0
75,318,5.0
75,276,4.0
75,303,4.0
75,703,5.0
75,571,2.0
75,238,3.0
75,504,1.0
75,207,4.0
75,767,3.0
75,931,3.0
75,452,3.0
75,493,4.0
75,38,3.0
75,111,3.0
75,460,1.0
75,724,1.0
75,968,5.0
75,173,5.0
75,74,4.0
75,813,2.0
75,756,2.0
75,361,5.0
75,290,1.0
75,141,4.0
75,659,3.0
75,301,5.0
75,686,5.0
75,363,3.0
75,142,3.0
75,99,1.0
75,222,4.0
75,508,4.0
75,775,2.0
75,423,3.0
76,878,1.0
76,757,4.0
76,973,3.0
76,657,2.0
76,67,3.0
76,15,1.0
76,456,2.0
76,139,2.0
76,1005,3.0
76,376,1.0
76,926,1.0
76,533,5.0
76,210,3.0
76,603,5.0
76,984,1.0
76,695,3.0
76,442,5.0
76,378,2.0
76,781,2.0
76,540,3.0
76,565,2.0
76,462,2.0
76,369,2.0
76,333,2.0
76,145,1.0
76,806,1.0
76,349,1.0
76,679,1.0
76,759,4.0
76,706,1.0
76,856,2.0
77,636,2.0
77,388,1.0
77,694,1.0
77,365,4.0
77,44,3.0
77,65,2.0
77,469,3.0
77,116,4.0
77,664,4.0
77,663,3.0
77,565,5.0
77,452,3.0
77,158,1.0
77,51,2.0
77,863,3.0
77,133,1.0
77,928,2.0
77,827,1.0
77,961,1.0
77,146,2.0
77,851,1.0
77,675,2.0
77,724,2.0
77,35,1.0
77,444,4.0
77,14,4.0
77,908,4.0
77,783,1.0
77,830,4.0
77,453,2.0
77,148,4.0
77,90,2.0
77,330,1.0
77,785,5.0
78,397,5.0
78,405,1.0
78,843,3.0
78,812,4.0
78,293,5.0
78,734,1.0
78,839,4.0
78,45,2.0
78,127,2.0
78,231,5.0
78,339,1.0
78,676,1.0
78,174,4.0
78,557,2.0
78,896,4.0
78,730,1.0
78,8,3.0
78,485,2.0
78,390,2.0
78,964,4.0
78,323,1.0
78,416,5.0
78,162,2.0
78,966,4.0
78,359,2.0
78,770,3.0
78,930,3.0
78,601,1.0
78,921,1.0
79,814,3.0
79,49,4.0
79,243,5.0
79,919,2.0
79,268,1.0
79,761,1.0
79,755,3.0
79,386,2.0
79,646,3.0
79,34,1.0
79,420,4.0
79,285,5.0
79,199,3.0
79,26,5.0
79,31,2.0
79,970,3.0
79,392,5.0
79,251,5.0
79,853,3.0
79,608,1.0
79,868,5.0
79,689,1.0
79,849,4.0
79,291,4.0
79,16,5.0
79,200,5.0
79,472,5.0
79,877,1.0
79,443,4.0
80,682,1.0
80,248,5.0
80,869,3.0
80,715,5.0
80,761,1.0
80,613,1.0
80,921,4.0
80,187,3.0
80,291,5.0
80,300,2.0
80,68,3.0
80,613,5.0
80,912,1.0
80,531,3.0
80,761,4.0
80,734,3.0
80,575,5.0
80,453,1.0
80,882,1.0
80,453,3.0
80,880,5.0
80,946,2.0
80,273,5.0
80,941,3.0
80,38,2.0
80,832,2.0
80,880,4.0
80,366,4.0
80,558,2.0
80,764,5.0
80,6,1.0
80,530,1.0
80,117,2.0
81,443,4.0
81,844,2.0
81,320,2.0
81,496,2.0
81,950,4.0
81,882,4.0
81,90,3.0
81,720,3.0
81,353,2.0
81,333,2.0
81,872,5.0
81,579,5.0
81,266,5.0
81,495,2.0
81,204,3.0
81,733,1.0
81,414,3.0
81,320,4.0
81,347,2.0
81,38,5.0
81,525,5.0
81,722,4.0
81,260,4.0
81,393,2.0
81,194,1.0
81,144,3.0
81,432,2.0
81,206,3.0
81,296,1.0
81,559,5.0
81,408,2.0
81,48,4.0
81,878,2.0
81,531,1.0
81,859,2.0
81,857,1.0
81,791,5.0
81,281,1.0
81,546,3.0
81,355,2.0
81,771,2.0
82,430,3.0
82,990,2.0
82,73,5.0
82,253,4.0
82,734,3.0
82,924,4.0
82,616,2.0
82,76,2.0
82,417,4.0
82,737,2.0
82,551,5.0
82,354,1.0
82,871,5.0
82,213,2.0
82,228,5.0
82,916,2.0
82,609,5.0
82,446,4.0
82,283,4.0
82,27,1.0
82,645,5.0
82,964,1.0
82,492,3.0
82,585,1.0
82,779,3.0
82,810,5.0
82,891,3.0
82,736,4.0
82,918,1.0
82,230,2.0
82,450,4.0
82,507,2.0
83,546,2.0
83,589,2.0
83,688,4.0
83,995,4.0
83,317,1.0
83,988,5.0
83,766,2.0
83,155,1.0
83,753,5.0
83,127,1.0
83,344,3.0
83,677,3.0
83,910,3.0
83,885,1.0
83,281,1.0
83,843,4.0
83,437,5.0
83,339,2.0
83,325,2.0
83,280,4.0
83,773,3.0
83,915,5.0
83,300,1.0
83,75,3.0
83,79,3.0
83,560,3.0
83,483,1.0
83,907,4.0
83,486,2.0
83,798,5.0
83,910,3.0
83,613,5.0
83,994,2.0
83,971,3.0
83,38,1.0
83,528,5.0
83,24,1.0
83,220,4.0
83,206,4.0
83,672,1.0
83,515,2.0
83,331,5.0
83,241,5.0
83,277,3.0
83,991,5.0
84,188,4.0
84,310,3.0
84,135,5.0
84,302,1.0
84,225,3.0
84,276,3.0
84,336,1.0
84,595,3.0
84,758,5.0
84,738,2.0
84,327,5.0
84,217,1.0
84,26,5.0
84,781,2.0
84,155,3.0
84,425,5.0
84,621,5.0
84,600,4.0
84,310,1.0
84,463,4.0
84,532,5.0
84,437,2.0
84,81,2.0
84,477,5.0
84,235,5.0
84,525,5.0
84,711,1.0
84,943,5.0
84,290,4.0
84,294,1.0
84,128,5.0
84,562,5.0
84,700,1.0
84,689,1.0
84,424,5.0
84,197,1.0
84,896,2.0
84,629,1.0
84,869,2.0
84,654,4.0
84,419,2.0
84,903,2.0
84,986,3.0
84,790,3.0
84,689,5.0
84,550,4.0
84,741,2.0
85,850,4.0
85,359,5.0
85,593,4.0
85,928,4.0
85,823,5.0
85,689,1.0
85,337,5.0
85,678,3.0
85,668,5.0
85,910,4.0
85,785,4.0
85,716,4.0
85,210,2.0
85,452,4.0
85,54,2.0
85,462,3.0
85,681,3.0
85,119,2.0
85,116,3.0
85,245,5.0
85,705,3.0
85,9,4.0
85,136,1.0
85,657,5.0
85,538,3.0
85,617,5.0
85,580,5.0
85,660,4.0
85,446,5.0
85,946,2.0
85,524,5.0
85,88,4.0
85,648,2.0
85,707,5.0
85,753,4.0
85,250,5.0
85,715,2.0
85,795,4.0
85,275,2.0
85,759,2.0
85,348,4.0
85,511,5.0
85,501,2.0
85,97,4.0
85,383,1.0
85,134,1.0
86,6,5.0
86,999,2.0
86,752,3.0
86,49,2.0
86,822,2.0
86,450,4.0
86,326,1.0
86,485,2.0
86,317,5.0
86,190,1.0
86,598,5.0
86,904,2.0
86,601,2.0
86,108,3.0
86,582,5.0
86,619,2.0
86,470,2.0
86,429,3.0
86,809,2.0
86,290,5.0
86,432,1.0
86,612,3.0
86,869,5.0
86,1000,5.0
86,129,4.0
86,737,4.0
86,539,2.0
86,29,3.0
86,204,3.0
86,188,2.0
86,203,1.0
86,932,3.0
86,887,3.0
86,203,5.0
86,126,4.0
86,735,3.0
86,655,4.0
86,732,5.0
86,343,2.0
86,715,4.0
87,263,1.0
87,717,3.0
87,99,5.0
87,114,4.0
87,843,5.0
87,102,1.0
87,675,4.0
87,808,2.0
87,176,3.0
87,505,4.0
87,825,1.0
87,719,4.0
87,777,3.0
87,27,2.0
87,324,5.0
87,358,4.0
87,393,3.0
87,905,3.0
87,120,3.0
87,664,5.0
87,740,2.0
87,490,3.0
87,482,5.0
87,752,3.0
87,865,2.0
87,873,2.0
87,530,2.0
87,992,4.0
87,234,5.0
87,77,1.0
87,451,4.0
88,396,5.0
88,742,4.0
88,537,2.0
88,438,2.0
88,142,4.0
88,689,3.0
88,85,1.0
88,501,4.0
88,281,3.0
88,930,1.0
88,940,1.0
88,855,5.0
88,895,5.0
88,708,1.0
88,460,3.0
88,582,1.0
88,938,3.0
88,365,3.0
88,638,1.0
88,730,2.0
88,956,1.0
88,122,1.0
88,963,1.0
88,333,2.0
88,503,5.0
88,67,4.0
88,306,4.0
88,108,1.0
88,548,1.0
88,58,4.0
88,654,1.0
89,201,5.0
89,210,1.0
89,758,5.0
89,830,1.0
89,888,4.0
89,333,4.0
89,1002,2.0
89,372,1.0
89,959,1.0
89,73,2.0
89,728,4.0
89,995,2.0
89,399,4.0
89,276,5.0
89,288,3.0
89,100,2.0
89,98,2.0
89,721,3.0
89,845,4.0
89,511,3.0
89,173,2.0
89,411,4.0
89,372,3.0
89,591,1.0
89,72,2.0
89,446,2.0
89,158,4.0
89,260,3.0
89,337,2.0
89,594,1.0
89,336,2.0
89,72,4.0
89,110,3.0
89,483,2.0
89,738,1.0
89,888,2.0
89,400,3.0
89,440,5.0
89,184,4.0
89,546,2.0
90,227,5.0
90,686,1.0
90,246,1.0
90,581,4.0
90,646,1.0
90,943,2.0
90,142,2.0
90,538,2.0
90,290,4.0
90,350,1.0
90,760,4.0
90,759,5.0
90,459,3.0
90,360,3.0
90,891,2.0
90,916,3.0
90,225,5.0
90,380,3.0
90,131,3.0
90,661,2.0
90,199,1.0
90,704,1.0
90,243,5.0
90,845,1.0
90,402,4.0
90,618,2.0
90,571,4.0
90,648,3.0
90,168,4.0
90,719,2.0
90,979,4.0
90,310,3.0
90,293,3.0
90,973,3.0
91,695,5.0
91,550,4.0
91,460,5.0
91,618,1.0
91,8,2.0
91,572,4.0
91,435,2.0
91,636,3.0
91,484,3.0
91,586,2.0
91,168,3.0
91,711,5.0
91,516,1.0
91,133,4.0
91,417,1.0
91,851,5.0
91,149,5.0
91,66,1.0
91,322,1.0
91,736,1.0
91,110,4.0
91,354,1.0
91,448,4.0
91,934,5.0
91,478,2.0
91,974,2.0
91,714,4.0
91,606,3.0
91,61,5.0
91,311,5.0
91,59,2.0
91,191,3.0
91,858,1.0
91,480,1.0
92,532,3.0
92,714,3.0
92,24,1.0
92,324,2.0
92,346,3.0
92,992,2.0
92,438,2.0
92,470,2.0
92,22,3.0
92,489,4.0
92,644,5.0
92,266,4.0
92,262,5.0
92,156,1.0
92,203,4.0
92,590,4.0
92,976,1.0
92,414,2.0
92,718,5.0
92,292,3.0
92,664,4.0
92,378,5.0
92,921,4.0
92,449,3.0
92,747,2.0
92,836,4.0
92,741,1.0
92,953,4.0
92,293,2.0
92,227,1.0
92,278,2.0
92,965,4.0
92,1003,2.0
92,262,4.0
92,842,3.0
92,883,3.0
92,616,2.0
92,620,4.0
92,456,5.0
92,645,2.0
92,677,5.0
92,169,1.0
92,905,3.0
93,397,2.0
93,90,5.0
93,198,1.0
93,60,1.0
93,776,1.0
93,986,4.0
93,804,3.0
93,367,2.0
93,836,5.0
93,798,2.0
93,404,5.0
93,848,4.0
93,922,4.0
93,260,4.0
93,895,5.0
93,725,5.0
93,360,4.0
93,539,5.0
93,408,2.0
93,434,4.0
93,986,2.0
93,355,5.0
93,427,2.0
93,128,3.0
93,247,1.0
93,891,3.0
93,412,5.0
93,319,2.0
93,322,5.0
93,705,4.0
93,595,1.0
93,747,3.0
93,9,5.0
93,227,2.0
93,463,3.0
93,89,4.0
93,808,2.0
93,227,2.0
93,627,3.0
93,913,5.0
93,105,3.0
93,419,1.0
93,738,1.0
93,980,5.0
93,420,2.0
93,741,2.0
93,317,1.0
94,109,5.0
94,575,1.0
94,936,3.0
94,509,1.0
94,222,2.0
94,381,2.0
94,720,5.0
94,241,4.0
94,162,4.0
94,592,5.0
94,467,4.0
94,304,4.0
94,589,2.0
94,14,1.0
94,272,1.0
94,377,2.0
94,933,2.0
94,98,4.0
94,391,5.0
94,874,5.0
94,823,2.0
94,90,2.0
94,343,5.0
94,47,3.0
94,136,4.0
94,543,5.0
94,172,5.0
94,27,2.0
94,760,4.0
94,97,4.0
94,32,4.0
94,129,1.0
94,613,2.0
94,951,4.0
94,868,3.0
94,418,4.0
94,220,5.0
94,617,4.0
94,923,3.0
94,261,1.0
94,600,1.0
94,53,3.0
94,688,1.0
94,87,3.0
94,634,2.0
94,776,4.0
94,363,5.0
94,4,3.0
94,534,1.0
95,716,1.0
95,973,5.0
95,298,2.0
95,851,3.0
95,773,1.0
95,201,1.0
95,779,2.0
95,410,5.0
95,53,3.0
95,633,4.0
95,953,2.0
95,456,3.0
95,404,1.0
95,515,5.0
95,448,1.0
95,43,2.0
95,354,1.0
95,769,2.0
95,601,5.0
95,533,5.0
95,119,2.0
95,447,5.0
95,840,2.0
95,232,2.0
95,46,2.0
95,385,5.0
95,87,5.0
95,108,3.0
95,342,1.0
95,67,2.0
95,249,5.0
96,366,5.0
96,499,2.0
96,448,2.0
96,730,2.0
96,180,1.0
96,615,2.0
96,507,4.0
96,748,5.0
96,204,1.0
96,580,1.0
96,264,2.0
96,665,2.0
96,59,3.0
96,404,2.0
96,257,3.0
96,84,4.0
96,429,3.0
96,17,2.0
96,199,1.0
96,869,5.0
96,257,3.0
96,403,2.0
96,397,2.0
96,564,2.0
96,793,1.0
96,490,2.0
96,248,2.0
96,641,4.0
96,641,1.0
96,393,1.0
96,871,5.0
96,77,5.0
96,277,1.0
96,469,4.0
96,997,2.0
96,67,1.0
96,465,5.0
97,860,5.0
97,566,4.0
97,855,3.0
97,299,5.0
97,507,1.0
97,460,5.0
97,2,4.0
97,710,5.0
97,552,2.0
97,256,2.0
97,909,1.0
97,934,4.0
97,589,3.0
97,143,3.0
97,255,1.0
97,57,2.0
97,908,2.0
97,508,4.0
97,201,4.0
97,216,5.0
97,672,4.0
97,128,2.0
97,77,5.0
97,167,5.0
97,988,5.0
97,359,1.0
97,377,5.0
97,440,5.0
97,356,5.0
97,612,5.0
97,721,3.0
97,435,3.0
97,221,4.0
97,829,4.0
97,433,1.0
97,1000,4.0
97,616,4.0
97,88,2.0
97,636,2.0
97,120,2.0
97,847,4.0
98,214,4.0
98,245,2.0
98,525,5.0
98,425,3.0
98,839,2.0
98,401,1.0
98,638,5.0
98,194,1.0
98,976,4.0
98,151,1.0
98,959,4.0
98,750,1.0
98,731,1.0
98,570,1.0
98,672,1.0
98,112,2.0
98,131,3.0
98,237,4.0
98,549,4.0
98,234,1.0
98,489,1.0
98,212,2.0
98,68,2.0
98,312,2.0
98,687,5.0
98,854,3.0
98,775,4.0
98,493,5.0
98,129,5.0
98,880,4.0
98,772,2.0
98,303,4.0
98,300,2.0
98,429,5.0
98,468,2.0
98,309,4.0
98,850,4.0
98,27,2.0
98,392,3.0
98,550,4.0
99,30,5.0
99,945,3.0
99,751,2.0
99,239,2.0
99,672,3.0
99,547,1.0
99,672,4.0
99,662,2.0
99,674,2.0
99,265,3.0
99,189,4.0
99,941,2.0
99,744,4.0
99,308,3.0
99,827,2.0
99,415,3.0
99,499,1.0
99,144,5.0
99,712,1.0
99,833,1.0
99,610,3.0
99,291,1.0
99,957,5.0
99,445,5.0
99,283,4.0
99,522,2.0
99,845,2.0
99,449,5.0
99,456,4.0
99,771,3.0
99,218,4.0
99,455,5.0
99,508,1.0
99,603,1.0
99,994,1.0
99,181,2.0
99,690,4.0
99,38,3.0
99,626,4.0
99,833,3.0
99,60,5.0
99,529,3.0
99,344,2.0
99,782,3.0
99,714,4.0
99,584,3.0
99,855,1.0
99,669,2.0
99,727,5.0
99,961,1.0
100,437,4.0
100,787,1.0
100,526,3.0
100,310,3.0
100,486,1.0
100,397,2.0
100,220,3.0
100,268,1.0
100,321,3.0
100,377,4.0
100,529,1.0
100,874,5.0
100,646,4.0
100,276,2.0
100,820,2.0
100,183,4.0
100,122,2.0
100,263,3.0
100,102,1.0
100,916,2.0
100,469,4.0
100,696,3.0
100,474,5.0
100,774,4.0
100,407,3.0
100,387,1.0
100,976,1.0
100,910,3.0
101,621,4.0
101,16,5.0
101,152,1.0
101,313,5.0
101,399,3.0
101,673,2.0
101,811,1.0
101,64,5.0
101,2,5.0
101,684,2.0
101,167,1.0
101,603,4.0
101,885,2.0
101,780,4.0
101,565,3.0
101,749,3.0
101,184,5.0
101,682,4.0
101,193,5.0
101,515,5.0
101,412,4.0
101,260,3.0
101,259,2.0
101,584,1.0
101,576,4.0
101,356,2.0
101,495,4.0
101,52,5.0
101,36,2.0
101,883,3.0
101,208,4.0
101,253,4.0
101,203,5.0
102,191,5.0
102,337,5.0
102,91,5.0
102,775,4.0
102,81,1.0
102,64,1.0
102,858,2.0
102,937,2.0
102,482,5.0
102,221,5.0
102,428,4.0
102,814,4.0
102,868,1.0
102,973,4.0
102,717,5.0
102,451,2.0
102,523,3.0
102,492,1.0
102,779,1.0
102,359,2.0
102,970,5.0
102,224,2.0
102,474,2.0
102,51,4.0
102,474,1.0
102,910,2.0
102,971,1.0
102,955,4.0
102,798,2.0
102,432,4.0
102,784,3.0
102,479,4.0
102,740,5.0
102,554,5.0
102,542,5.0
102,88,1.0
102,700,5.0
102,627,1.0
102,496,3.0
102,180,1.0
102,697,5.0
102,368,2.0
102,837,5.0
102,9,2.0
102,530,2.0
102,610,3.0
102,11,2.0
102,891,3.0
102,515,4.0
102,722,2.0
103,557,3.0
103,120,5.0
103,666,4.0
103,648,5.0
103,39,1.0
103,918,4.0
103,223,5.0
103,617,4.0
103,223,2.0
103,664,2.0
103,343,2.0
103,209,2.0
103,899,5.0
103,22,1.0
103,397,2.0
103,319,4.0
103,670,3.0
103,924,2.0
103,542,5.0
103,254,2.0
103,96,2.0
103,24,4.0
103,736,1.0
103,602,3.0
103,735,5.0
103,827,3.0
103,185,1.0
103,583,1.0
103,6,4.0
103,288,2.0
103,694,1.0
103,160,3.0
103,305,4.0
103,918,4.0
103,778,5.0
103,38,3.0
103,975,2.0
103,455,5.0
104,547,4.0
104,904,4.0
104,226,1.0
104,929,5.0
104,368,3.0
104,159,5.0
104,521,3.0
104,1006,1.0
104,311,1.0
104,566,4.0
104,314,1.0
104,926,3.0
104,572,2.0
104,480,2.0
104,595,5.0
104,752,3.0
104,21,4.0
104,941,2.0
104,838,2.0
104,604,5.0
104,121,1.0
104,174,5.0
104,636,4.0
104,894,5.0
104,782,2.0
104,508,1.0
104,717,5.0
104,137,1.0
104,284,4.0
104,968,5.0
104,489,4.0
104,144,5.0
104,671,4.0
104,162,4.0
104,593,3.0
104,215,2.0
104,526,2.0
104,437,4.0
104,225,5.0
104,32,3.0
104,183,1.0
104,600,2.0
104,212,1.0
104,538,2.0
104,188,1.0
105,849,5.0
105,129,3.0
105,78,5.0
105,538,4.0
105,866,3.0
105,543,4.0
105,311,4.0
105,915,2.0
105,513,3.0
105,187,5.0
105,460,3.0
105,877,2.0
105,548,3.0
105,166,2.0
105,696,5.0
105,244,1.0
105,135,2.0
105,777,3.0
105,676,5.0
105,227,2.0
105,644,5.0
105,504,5.0
105,855,2.0
105,356,2.0
105,509,3.0
105,555,5.0
105,700,5.0
105,436,3.0
105,176,1.0
105,804,1.0
105,544,5.0
105,344,1.0
105,623,1.0
105,709,2.0
105,968,2.0
105,268,1.0
106,425,4.0
106,184,3.0
106,639,4.0
106,361,1.0
106,614,2.0
106,839,4.0
106,24,4.0
106,681,2.0
106,647,4.0
106,751,5.0
106,466,1.0
106,783,1.0
106,232,3.0
106,294,4.0
106,439,3.0
106,274,4.0
106,430,1.0
106,526,5.0
106,806,1.0
106,767,3.0
106,285,4.0
106,514,4.0
106,826,2.0
106,309,3.0
106,757,5.0
106,954,3.0
106,623,5.0
106,529,4.0
106,195,3.0
106,895,2.0
106,561,4.0
106,517,2.0
106,908,2.0
106,172,5.0
106,204,3.0
106,245,2.0
106,868,1.0
106,842,1.0
106,894,2.0
106,507,1.0
106,356,4.0
106,599,2.0
106,810,1.0
106,667,2.0
106,527,1.0
106,676,3.0
106,1001,3.0
107,707,4.0
107,151,4.0
107,369,4.0
107,953,1.0
107,818,2.0
107,23,3.0
107,946,5.0
107,293,2.0
107,315,1.0
107,709,5.0
107,560,1.0
107,908,4.0
107,637,1.0
107,696,1.0
107,851,1.0
107,496,3.0
107,408,5.0
107,286,4.0
107,586,1.0
107,150,3.0
107,681,5.0
107,500,5.0
107,597,4.0
107,487,2.0
107,810,1.0
107,642,1.0
107,634,5.0
107,977,3.0
107,903,3.0
107,17,1.0
107,612,4.0
107,12,1.0
107,409,4.0
107,928,3.0
107,598,2.0
107,605,1.0
107,78,2.0
107,204,4.0
107,982,4.0
107,14,5.0
107,418,2.0
107,247,1.0
107,602,2.0
107,192,2.0
108,556,4.0
108,326,4.0
108,13,3.0
108,855,2.0
108,910,5.0
108,756,4.0
108,799,5.0
108,236,4.0
108,245,5.0
108,855,2.0
108,156,4.0
108,726,1.0
108,38,5.0
108,842,4.0
108,264,1.0
108,464,2.0
108,435,3.0
108,802,4.0
108,988,5.0
108,926,1.0
108,990,5.0
108,987,3.0
108,246,1.0
108,207,3.0
108,927,5.0
108,458,5.0
108,909,1.0
108,342,4.0
108,83,5.0
108,691,5.0
108,921,4.0
108,457,4.0
108,558,2.0
108,6,1.0
108,508,1.0
108,991,4.0
108,840,2.0
108,293,5.0
108,14,2.0
108,350,3.0
108,571,5.0
108,505,5.0
108,300,1.0
108,481,2.0
108,446,4.0
108,936,5.0
108,51,4.0
108,353,5.0
108,868,1.0
109,557,4.0
109,291,1.0
109,506,2.0
109,823,2.0
109,15,2.0
109,135,1.0
109,875,1.0
109,699,3.0
109,251,2.0
109,882,4.0
109,227,1.0
109,425,3.0
109,432,4.0
109,718,4.0
109,240,5.0
109,552,3.0
109,146,4.0
109,908,3.0
109,497,3.0
109,4,1.0
109,81,4.0
109,473,4.0
109,893,5.0
109,425,4.0
109,281,1.0
109,933,4.0
109,2,3.0
109,897,3.0
109,742,5.0
109,718,1.0
109,895,4.0
109,399,5.0
109,174,5.0
109,726,4.0
109,831,2.0
109,388,5.0
109,408,5.0
109,471,3.0
109,570,5.0
109,918,4.0
109,218,3.0
109,689,5.0
110,362,5.0
110,673,5.0
110,710,1.0
110,979,5.0
110,889,3.0
110,549,2.0
110,329,2.0
110,667,2.0
110,970,5.0
110,504,4.0
110,212,5.0
110,753,2.0
110,426,4.0
110,312,4.0
110,601,4.0
110,642,2.0
110,234,3.0
110,831,2.0
110,487,2.0
110,691,1.0
110,161,1.0
110,106,1.0
110,629,4.0
110,458,1.0
110,153,4.0
110,883,3.0
110,149,5.0
110,230,4.0
110,108,3.0
110,62,2.0
110,749,5.0
110,792,3.0
110,472,3.0
110,610,4.0
110,81,4.0
110,451,4.0
110,618,5.0
110,111,1.0
110,959,1.0
110,59,2.0
111,602,5.0
111,925,2.0
111,54,2.0
111,240,2.0
111,716,4.0
111,338,2.0
111,888,2.0
111,916,5.0
111,760,5.0
111,872,2.0
111,980,2.0
111,272,3.0
111,224,2.0
111,543,1.0
111,1000,2.0
111,6,2.0
111,600,4.0
111,752,3.0
111,104,4.0
111,68,3.0
111,1003,3.0
111,490,3.0
111,183,2.0
111,787,5.0
111,435,3.0
111,926,4.0
111,339,3.0
111,931,5.0
111,214,4.0
111,499,5.0
111,396,3.0
111,892,4.0
111,64,3.0
111,846,5.0
111,913,2.0
111,272,4.0
111,827,2.0
111,714,4.0
112,763,2.0
112,194,2.0
112,53,4.0
112,858,2.0
112,731,1.0
112,693,3.0
112,917,2.0
112,403,5.0
112,686,4.0
112,138,2.0
112,985,2.0
112,911,5.0
112,352,5.0
112,968,1.0
112,338,2.0
112,1004,4.0
112,736,4.0
112,318,4.0
112,757,1.0
112,649,1.0
112,481,2.0
112,271,3.0
112,292,1.0
112,170,2.0
112,43,2.0
112,868,3.0
112,710,5.0
112,359,3.0
112,490,3.0
112,388,5.0
112,396,3.0
112,831,2.0
112,726,2.0
112,704,4.0
112,555,3.0
113,515,2.0
113,752,3.0
113,331,3.0
113,348,1.0
113,388,5.0
113,341,3.0
113,259,4.0
113,74,3.0
113,814,4.0
113,502,4.0
113,584,1.0
113,993,3.0
113,223,1.0
113,252,3.0
113,699,2.0
113,286,3.0
113,418,2.0
113,114,1.0
113,68,2.0
113,325,5.0
113,262,3.0
113,236,4.0
113,610,5.0
113,983,4.0
113,216,1.0
113,163,4.0
113,580,3.0
113,9,1.0
113,378,3.0
113,669,5.0
113,133,4.0
113,635,1.0
113,913,3.0
113,1003,5.0
113,980,4.0
113,850,1.0
113,480,2.0
113,795,5.0
113,343,3.0
113,729,2.0
113,981,5.0
113,678,4.0
114,468,4.0
114,641,1.0
114,217,3.0
114,824,1.0
114,873,4.0
114,515,3.0
114,902,1.0
114,888,1.0
114,496,2.0
114,255,1.0
114,274,4.0
114,356,5.0
114,142,3.0
114,339,1.0
114,187,3.0
114,483,3.0
114,1006,5.0
114,171,4.0
114,160,3.0
114,558,2.0
114,518,4.0
114,711,2.0
114,695,1.0
114,488,4.0
114,95,1.0
114,7,4.0
114,86,4.0
114,352,4.0
114,432,5.0
114,739,2.0
114,555,5.0
114,867,3.0
115,320,4.0
115,938,2.0
115,1001,2.0
115,181,3.0
115,99,1.0
115,270,2.0
115,720,4.0
115,49,1.0
115,159,1.0
115,597,1.0
115,240,2.0
115,293,5.0
115,846,4.0
115,873,5.0
115,621,4.0
115,123,2.0
115,527,4.0
115,35,2.0
115,901,4.0
115,868,3.0
115,199,1.0
115,29,3.0
115,790,3.0
115,296,3.0
115,554,1.0
115,475,5.0
115,433,5.0
115,484,5.0
115,127,5.0
115,442,1.0
115,34,4.0
115,107,3.0
115,748,4.0
115,514,3.0
115,876,3.0
115,369,1.0
115,827,3.0
115,504,5.0
116,572,2.0
116,388,1.0
116,503,2.0
116,519,3.0
116,748,1.0
116,603,2.0
116,257,2.0
116,22,2.0
116,982,1.0
116,620,5.0
116,543,2.0
116,428,1.0
116,470,3.0
116,806,2.0
116,520,2.0
116,92,4.0
116,533,4.0
116,494,4.0
116,397,2.0
116,454,3.0
116,998,5.0
116,224,2.0
116,518,2.0
116,362,1.0
116,464,1.0
116,988,1.0
116,838,3.0
116,923,3.0
116,286,5.0
116,697,4.0
116,981,2.0
116,75,2.0
116,705,2.0
117,768,5.0
117,280,4.0
117,446,3.0
117,601,4.0
117,138,1.0
117,745,3.0
117,808,1.0
117,753,2.0
117,524,5.0
117,410,5.0
117,856,5.0
117,904,3.0
117,859,5.0
117,861,4.0
117,216,2.0
117,129,3.0
117,298,1.0
117,428,2.0
117,917,4.0
117,644,5.0
117,812,1.0
117,956,2.0
117,980,3.0
117,10,2.0
117,9,3.0
117,982,2.0
117,60,2.0
117,519,1.0
117,47,5.0
117,609,1.0
117,976,1.0
117,447,3.0
117,761,5.0
117,954,5.0
117,648,5.0
117,859,5.0
117,206,3.0
117,263,3.0
118,933,3.0
118,445,1.0
118,468,4.0
118,636,5.0
118,480,1.0
118,823,3.0
118,814,1.0
118,236,1.0
118,125,1.0
118,712,4.0
118,909,4.0
118,288,4.0
118,704,2.0
118,423,2.0
118,494,3.0
118,9,3.0
118,767,1.0
118,989,5.0
118,469,4.0
118,262,5.0
118,277,4.0
118,447,5.0
118,539,3.0
118,867,2.0
118,681,5.0
118,346,4.0
118,787,3.0
118,922,2.0
118,566,1.0
118,723,3.0
118,534,5.0
118,956,1.0
118,511,3.0
118,963,3.0
118,28,1.0
118,910,1.0
118,684,5.0
118,948,5.0
118,49,4.0
118,442,2.0
118,673,3.0
118,426,5.0
118,787,2.0
118,4,5.0
119,548,3.0
119,1001,2.0
119,730,2.0
119,237,3.0
119,267,5.0
119,794,5.0
119,809,5.0
119,970,3.0
119,828,2.0
119,926,2.0
119,991,1.0
119,875,4.0
119,660,5.0
119,728,2.0
119,985,3.0
119,241,3.0
119,280,5.0
119,849,3.0
119,649,5.0
119,997,5.0
119,178,5.0
119,660,3.0
119,226,3.0
119,606,2.0
119,328,2.0
119,32,3.0
119,446,2.0
119,532,1.0
119,293,2.0
119,50,5.0
119,454,5.0
119,954,1.0
119,54,4.0
119,80,2.0
119,171,4.0
119,102,5.0
119,942,4.0
119,355,1.0
120,336,2.0
120,563,3.0
120,868,3.0
120,603,3.0
120,172,2.0
120,780,1.0
120,227,3.0
120,261,2.0
120,980,1.0
120,669,4.0
120,683,2.0
120,794,2.0
120,972,1.0
120,143,3.0
120,196,3.0
120,162,1.0
120,583,4.0
120,14,5.0
120,202,2.0
120,413,2.0
120,901,4.0
120,488,1.0
120,898,3.0
120,98,2.0
120,823,3.0
120,259,5.0
120,271,4.0
120,422,5.0
120,974,2.0
120,968,1.0
120,574,1.0
121,223,3.0
121,292,1.0
121,990,4.0
121,5,5.0
121,940,3.0
121,970,1.0
121,297,5.0
121,587,4.0
121,28,2.0
121,626,5.0
121,660,5.0
121,636,5.0
121,426,5.0
121,395,3.0
121,207,4.0
121,920,1.0
121,892,2.0
121,791,4.0
121,1000,5.0
121,241,1.0
121,13,2.0
121,574,1.0
121,332,4.0
121,748,4.0
121,660,5.0
121,842,4.0
121,1002,1.0
121,290,3.0
121,664,4.0
121,415,1.0
121,574,1.0
121,796,3.0
121,457,2.0
121,324,4.0
121,159,3.0
121,68,1.0
121,36,5.0
121,40,4.0
121,328,2.0
121,454,3.0
121,559,5.0
121,455,5.0
121,493,2.0
122,919,5.0
122,256,3.0
122,411,1.0
122,157,1.0
122,788,2.0
122,601,2.0
122,486,1.0
122,962,2.0
122,679,2.0
122,900,3.0
122,813,2.0
122,166,1.0
122,526,1.0
122,857,4.0
122,382,4.0
122,743,4.0
122,526,5.0
122,92,4.0
122,551,1.0
122,435,3.0
122,325,4.0
122,976,4.0
122,364,4.0
122,503,5.0
122,818,3.0
122,167,2.0
122,924,4.0
122,64,1.0
123,360,2.0
123,636,1.0
123,912,3.0
123,271,5.0
123,724,1.0
123,468,1.0
123,382,4.0
123,670,4.0
123,982,5.0
123,234,2.0
123,694,2.0
123,885,1.0
123,564,5.0
123,29,3.0
123,783,2.0
123,423,2.0
123,366,5.0
123,840,1.0
123,779,5.0
123,683,2.0
123,908,3.0
123,664,2.0
123,432,1.0
123,819,1.0
123,679,2.0
123,377,5.0
123,438,2.0
123,46,1.0
123,985,5.0
123,461,3.0
123,300,4.0
123,730,5.0
123,860,4.0
123,820,1.0
123,468,2.0
124,701,1.0
124,979,5.0
124,962,2.0
124,786,1.0
124,742,5.0
124,66,2.0
124,893,2.0
124,177,2.0
124,965,1.0
124,770,1.0
124,83,3.0
124,223,3.0
124,393,4.0
124,286,2.0
124,695,3.0
124,672,2.0
124,204,1.0
124,97,3.0
124,807,3.0
124,842,1.0
124,450,5.0
124,804,4.0
124,909,3.0
124,424,1.0
124,225,4.0
124,389,1.0
124,441,3.0
124,104,4.0
124,670,5.0
124,749,2.0
124,322,5.0
124,802,4.0
124,322,2.0
124,103,2.0
124,1007,4.0
124,51,5.0
124,663,4.0
124,737,1.0
124,737,3.0
124,29,5.0
124,447,2.0
124,65,3.0
124,669,5.0
125,416,3.0
125,788,2.0
125,269,4.0
125,178,5.0
125,753,4.0
125,795,4.0
125,913,2.0
125,262,4.0
125,406,3.0
125,330,2.0
125,586,5.0
125,246,5.0
125,266,2.0
125,547,5.0
125,259,3.0
125,523,5.0
125,797,4.0
125,666,4.0
125,801,2.0
125,258,3.0
125,299,1.0
125,989,3.0
125,258,1.0
125,239,5.0
125,21,3.0
125,502,1.0
125,394,4.0
125,320,5.0
125,721,3.0
125,384,5.0
125,27,4.0
125,59,2.0
125,140,5.0
125,637,4.0
125,703,1.0
125,969,3.0
125,396,1.0
125,983,2.0
125,542,4.0
126,436,2.0
126,540,5.0
126,36,3.0
126,402,1.0
126,339,1.0
126,77,3.0
126,20,2.0
126,185,2.0
126,794,2.0
126,370,5.0
126,85,3.0
126,619,5.0
126,973,4.0
126,139,5.0
126,478,4.0
126,405,2.0
126,161,2.0
126,198,1.0
126,529,2.0
126,154,2.0
126,720,2.0
126,999,3.0
126,661,5.0
126,221,5.0
126,100,5.0
126,525,5.0
126,212,2.0
126,103,1.0
126,62,1.0
126,105,2.0
126,491,3.0
126,29,2.0
126,289,1.0
127,934,4.0
127,749,5.0
127,680,1.0
127,752,2.0
127,397,3.0
127,163,5.0
127,172,5.0
127,881,1.0
127,429,3.0
127,248,5.0
127,485,1.0
127,928,3.0
127,751,3.0
127,861,1.0
127,867,1.0
127,662,4.0
127,509,2.0
127,443,4.0
127,931,3.0
127,870,5.0
127,757,1.0
127,923,1.0
127,104,3.0
127,926,5.0
127,478,3.0
127,265,5.0
127,898,4.0
128,667,4.0
128,162,2.0
128,395,4.0
128,854,4.0
128,135,5.0
128,552,5.0
128,739,4.0
128,143,5.0
128,335,3.0
128,917,2.0
128,859,5.0
128,331,1.0
128,332,2.0
128,568,3.0
128,694,5.0
128,46,4.0
128,885,5.0
128,306,3.0
128,138,5.0
128,472,1.0
128,498,1.0
128,249,4.0
128,453,1.0
128,188,2.0
128,704,2.0
128,6,5.0
128,21,5.0
128,150,4.0
128,233,1.0
128,391,4.0
129,18,3.0
129,694,5.0
129,14,4.0
129,952,2.0
129,370,5.0
129,218,2.0
129,12,5.0
129,19,3.0
129,316,5.0
129,626,5.0
129,781,1.0
129,556,4.0
129,439,3.0
129,700,2.0
129,910,5.0
129,376,4.0
129,601,3.0
129,297,1.0
129,907,4.0
129,814,1.0
129,844,4.0
129,877,2.0
129,182,3.0
129,564,4.0
129,181,1.0
129,775,1.0
129,356,5.0
130,163,4.0
130,646,4.0
130,326,1.0
130,320,2.0
130,646,4.0
130,908,1.0
130,270,5.0
130,786,2.0
130,596,3.0
130,23,3.0
130,425,3.0
130,754,1.0
130,653,1.0
130,490,4.0
130,808,4.0
130,668,2.0
130,580,5.0
130,781,2.0
130,581,2.0
130,404,5.0
130,770,1.0
130,246,2.0
130,285,2.0
130,434,5.0
130,251,5.0
130,570,1.0
130,420,4.0
130,81,1.0
130,245,5.0
130,565,1.0
131,638,3.0
131,841,1.0
131,44,2.0
131,865,1.0
131,410,4.0
131,203,5.0
131,153,5.0
131,994,2.0
131,177,3.0
131,529,5.0
131,306,1.0
131,580,4.0
131,571,1.0
131,378,3.0
131,537,5.0
131,3,1.0
131,1000,2.0
131,531,4.0
131,139,4.0
131,999,1.0
131,547,4.0
131,378,5.0
131,756,4.0
131,58,2.0
131,211,4.0
131,472,2.0
131,991,2.0
131,167,1.0
131,382,5.0
131,393,1.0
131,658,1.0
131,557,4.0
131,500,4.0
131,187,4.0
131,69,1.0
131,823,3.0
131,892,5.0
131,442,2.0
131,418,4.0
131,266,5.0
131,210,2.0
132,284,3.0
132,923,3.0
132,574,2.0
132,923,4.0
132,882,5.0
132,187,1.0
132,351,4.0
132,679,5.0
132,453,2.0
132,575,1.0
132,822,5.0
132,505,1.0
132,869,4.0
132,812,1.0
132,449,3.0
132,461,2.0
132,824,2.0
132,76,1.0
132,140,2.0
132,96,2.0
132,916,3.0
132,53,5.0
132,70,3.0
132,222,4.0
132,403,1.0
132,319,5.0
132,423,1.0
132,171,5.0
132,39,5.0
132,600,4.0
132,809,3.0
132,807,1.0
132,834,3.0
132,246,1.0
132,19,1.0
133,277,4.0
133,715,3.0
133,834,2.0
133,666,4.0
133,650,1.0
133,314,4.0
133,839,2.0
133,945,1.0
133,2,3.0
133,942,4.0
133,733,5.0
133,467,5.0
133,347,2.0
133,262,4.0
133,817,3.0
133,12,3.0
133,835,3.0
133,308,2.0
133,792,5.0
133,638,2.0
133,812,2.0
133,374,5.0
133,182,1.0
133,252,5.0
133,58,4.0
133,873,5.0
133,767,2.0
133,426,4.0
133,915,1.0
134,264,4.0
134,612,3.0
134,932,3.0
134,403,4.0
134,325,3.0
134,935,3.0
134,505,3.0
134,444,1.0
134,21,2.0
134,499,4.0
134,261,3.0
134,393,3.0
134,23,3.0
134,90,5.0
134,568,1.0
134,606,4.0
134,499,5.0
134,926,4.0
134,116,2.0
134,196,2.0
134,5,5.0
134,290,2.0
134,632,2.0
134,945,4.0
134,90,3.0
134,911,4.0
134,998,3.0
134,318,4.0
134,830,4.0
134,919,4.0
134,221,1.0
134,13,4.0
134,869,5.0
134,800,4.0
134,422,4.0
134,690,2.0
134,104,5.0
134,116,4.0
134,955,5.0
134,846,5.0
134,525,2.0
134,68,3.0
134,855,1.0
134,749,4.0
134,961,3.0
135,348,4.0
135,574,2.0
135,636,5.0
135,686,3.0
135,724,4.0
135,45,4.0
135,202,3.0
135,656,4.0
135,450,2.0
135,40,3.0
135,449,5.0
135,537,4.0
135,574,1.0
135,978,3.0
135,118,1.0
135,921,2.0
135,967,4.0
135,218,3.0
135,96,2.0
135,416,3.0
135,176,2.0
135,647,4.0
135,548,4.0
135,359,3.0
135,42,2.0
135,666,5.0
135,833,2.0
135,379,4.0
135,697,1.0
135,187,2.0
135,497,2.0
135,974,3.0
135,519,1.0
135,528,1.0
135,968,1.0
135,986,4.0
135,752,4.0
135,386,2.0
136,91,5.0
136,856,3.0
136,370,5.0
136,310,2.0
136,719,2.0
136,821,4.0
136,818,4.0
136,289,2.0
136,409,4.0
136,756,4.0
136,851,2.0
136,763,4.0
136,721,4.0
136,499,3.0
136,151,2.0
136,367,3.0
136,663,2.0
136,969,4.0
136,586,3.0
136,404,3.0
136,311,1.0
136,389,4.0
136,579,5.0
136,386,5.0
136,27,2.0
136,123,5.0
136,264,4.0
136,501,4.0
136,364,3.0
136,375,5.0
136,258,5.0
136,168,5.0
136,676,3.0
136,551,3.0
136,417,1.0
136,958,2.0
137,391,2.0
137,141,4.0
137,666,1.0
137,786,5.0
137,685,2.0
137,373,3.0
137,931,3.0
137,257,2.0
137,690,2.0
137,863,3.0
137,546,2.0
137,222,3.0
137,799,3.0
137,906,2.0
137,937,2.0
137,838,1.0
137,495,3.0
137,714,4.0
137,990,5.0
137,104,5.0
137,863,3.0
137,972,3.0
137,305,2.0
137,99,4.0
137,953,3.0
137,928,4.0
137,895,4.0
137,603,2.0
137,388,5.0
137,361,5.0
137,222,5.0
137,840,2.0
137,853,3.0
137,878,1.0
137,509,1.0
137,182,4.0
137,708,3.0
137,102,5.0
137,612,4.0
137,168,3.0
137,640,1.0
137,116,3.0
137,982,2.0
138,85,4.0
138,216,3.0
138,987,5.0
138,485,4.0
138,879,4.0
138,664,1.0
138,273,1.0
138,304,2.0
138,602,3.0
138,657,1.0
138,258,1.0
138,32,5.0
138,544,4.0
138,328,2.0
138,963,3.0
138,341,5.0
138,478,5.0
138,63,4.0
138,661,5.0
138,834,3.0
138,201,4.0
138,158,5.0
138,298,3.0
138,713,1.0
138,647,4.0
138,177,3.0
138,387,1.0
138,536,2.0
138,680,2.0
139,856,5.0
139,125,3.0
139,429,3.0
139,560,5.0
139,231,1.0
139,7,5.0
139,520,4.0
139,252,1.0
139,120,1.0
139,344,5.0
139,480,3.0
139,157,5.0
139,28,3.0
139,646,1.0
139,453,2.0
139,602,5.0
139,25,2.0
139,731,4.0
139,162,3.0
139,338,3.0
139,901,5.0
139,632,3.0
139,41,3.0
139,712,2.0
139,926,5.0
139,744,4.0
139,181,2.0
139,367,2.0
139,300,5.0
139,860,3.0
139,887,1.0
139,546,4.0
139,931,1.0
139,635,1.0
139,754,4.0
139,409,1.0
139,628,4.0
139,666,2.0
139,72,1.0
140,800,4.0
140,189,5.0
140,953,3.0
140,589,3.0
140,255,1.0
140,238,1.0
140,56,1.0
140,807,3.0
140,249,4.0
140,668,2.0
140,143,4.0
140,994,4.0
140,130,4.0
140,364,1.0
140,635,5.0
140,387,5.0
140,641,2.0
140,668,1.0
140,712,3.0
140,254,5.0
140,738,3.0
140,824,3.0
140,779,3.0
140,714,4.0
140,930,4.0
140,415,5.0
140,522,4.0
140,53,2.0
140,429,2.0
141,218,2.0
141,291,4.0
141,746,1.0
141,792,4.0
141,513,5.0
141,694,3.0
141,518,2.0
141,115,3.0
141,662,3.0
141,796,3.0
141,89,5.0
141,168,2.0
141,22,5.0
141,300,4.0
141,16,3.0
141,619,4.0
141,137,1.0
141,498,4.0
141,269,2.0
141,187,2.0
141,351,2.0
141,465,3.0
141,742,3.0
141,556,1.0
141,741,2.0
141,577,3.0
141,368,1.0
141,690,5.0
141,656,1.0
141,1003,3.0
141,896,3.0
141,758,4.0
141,152,5.0
141,749,2.0
141,813,3.0
142,354,2.0
142,581,5.0
142,291,4.0
142,399,2.0
142,934,3.0
142,756,4.0
142,480,2.0
142,128,3.0
142,808,4.0
142,380,1.0
142,810,2.0
142,936,2.0
142,420,2.0
142,930,1.0
142,221,1.0
142,132,1.0
142,305,4.0
142,553,5.0
142,115,3.0
142,17,2.0
142,205,4.0
142,734,2.0
142,590,4.0
142,159,1.0
142,709,5.0
142,517,3.0
142,934,1.0
142,599,3.0
142,572,5.0
142,856,1.0
142,674,4.0
142,569,2.0
142,299,2.0
143,192,5.0
143,770,1.0
143,676,1.0
143,533,1.0
143,434,3.0
143,496,1.0
143,333,1.0
143,712,4.0
143,240,4.0
143,754,4.0
143,766,1.0
143,237,4.0
143,520,5.0
143,237,2.0
143,913,3.0
143,807,3.0
143,468,2.0
143,987,1.0
143,552,2.0
143,214,5.0
143,982,5.0
143,477,1.0
143,744,5.0
143,926,1.0
143,608,2.0
143,193,2.0
143,838,3.0
143,818,5.0
143,821,5.0
143,664,1.0
143,11,1.0
143,548,2.0
143,281,4.0
143,815,4.0
143,528,5.0
143,712,4.0
143,716,5.0
143,456,1.0
143,449,1.0
143,388,4.0
144,396,4.0
144,658,4.0
144,655,4.0
144,469,4.0
144,217,3.0
144,126,3.0
144,84,5.0
144,698,2.0
144,702,3.0
144,262,2.0
144,766,1.0
144,645,5.0
144,402,4.0
144,384,5.0
144,468,5.0
144,655,5.0
144,160,1.0
144,837,1.0
144,339,1.0
144,690,2.0
144,963,4.0
144,987,4.0
144,431,3.0
144,861,2.0
144,644,5.0
144,271,3.0
144,781,4.0
144,837,1.0
144,31,3.0
144,622,5.0
144,327,1.0
144,918,4.0
145,956,1.0
145,302,5.0
145,693,1.0
145,368,3.0
145,829,5.0
145,230,1.0
145,653,3.0
145,957,2.0
145,799,1.0
145,148,1.0
145,931,2.0
145,319,1.0
145,668,2.0
145,330,2.0
145,981,2.0
145,843,4.0
145,366,2.0
145,977,5.0
145,983,3.0
145,717,4.0
145,89,1.0
145,419,4.0
145,899,3.0
145,184,5.0
145,418,4.0
145,694,2.0
145,759,4.0
145,861,1.0
145,692,2.0
145,357,5.0
145,954,1.0
145,876,1.0
146,711,4.0
146,210,5.0
146,385,2.0
146,989,3.0
146,40,2.0
146,336,1.0
146,792,2.0
146,311,1.0
146,233,4.0
146,100,5.0
146,944,5.0
146,92,5.0
146,595,5.0
146,388,3.0
146,288,5.0
146,756,1.0
146,328,1.0
146,392,1.0
146,327,5.0
146,210,3.0
146,715,3.0
146,845,3.0
146,501,4.0
146,721,4.0
146,50,2.0
146,817,5.0
146,56,4.0
146,436,4.0
146,868,4.0
146,467,5.0
146,375,5.0
146,512,3.0
146,307,2.0
146,715,2.0
146,294,1.0
146,349,1.0
146,617,5.0
146,704,2.0
146,800,5.0
147,295,4.0
147,61,5.0
147,569,1.0
147,811,4.0
147,771,1.0
147,191,4.0
147,75,3.0
147,114,4.0
147,663,1.0
147,863,5.0
147,448,1.0
147,38,2.0
147,194,5.0
147,785,1.0
147,563,2.0
147,712,5.0
147,362,1.0
147,493,2.0
147,83,4.0
147,753,4.0
147,902,4.0
147,991,4.0
147,297,2.0
147,317,1.0
147,367,3.0
147,136,5.0
147,435,5.0
147,101,2.0
147,330,5.0
147,1006,2.0
147,133,4.0
147,471,1.0
147,429,2.0
147,831,5.0
147,65,2.0
147,560,4.0
147,441,3.0
147,230,5.0
147,696,2.0
148,113,2.0
148,173,2.0
148,271,5.0
148,17,3.0
148,85,5.0
148,836,4.0
148,796,4.0
148,172,2.0
148,704,1.0
148,984,4.0
148,835,3.0
148,640,5.0
148,928,5.0
148,630,5.0
148,542,5.0
148,949,1.0
148,59,2.0
148,357,1.0
148,862,5.0
148,694,1.0
148,238,5.0
148,991,3.0
148,147,2.0
148,779,5.0
148,724,2.0
148,940,2.0
148,685,1.0
148,229,3.0
148,594,4.0
148,535,2.0
148,245,3.0
148,396,2.0
148,739,4.0
148,358,5.0
148,40,4.0
148,657,3.0
148,136,4.0
148,144,3.0
148,867,1.0
148,368,5.0
149,977,3.0
149,954,5.0
149,24,2.0
149,595,1.0
149,68,3.0
149,896,1.0
149,302,3.0
149,224,2.0
149,792,3.0
149,573,4.0
149,184,1.0
149,771,1.0
149,19,5.0
149,799,4.0
149,154,2.0
149,455,2.0
149,458,1.0
149,120,1.0
149,880,3.0
149,190,1.0
149,265,1.0
149,591,4.0
149,782,1.0
149,309,2.0
149,529,2.0
149,133,1.0
149,1003,1.0
149,857,5.0
149,761,3.0
150,812,3.0
150,420,2.0
150,361,3.0
150,44,1.0
150,759,1.0
150,135,5.0
150,580,3.0
150,828,3.0
150,29,4.0
150,267,3.0
150,271,5.0
150,607,5.0
150,222,3.0
150,49,5.0
150,162,4.0
150,741,4.0
150,460,4.0
150,236,5.0
150,663,4.0
150,954,4.0
150,359,2.0
150,660,2.0
150,15,1.0
150,613,5.0
150,494,5.0
150,312,5.0
150,235,5.0
150,739,2.0
150,586,2.0
150,262,4.0
150,583,4.0
150,277,5.0
150,265,1.0
150,863,2.0
